Workbook
Name CVmax: TNFa_Standards!$C$31
Name LLOQ: TNFa_Standards!$F$29
Name RecoveryHIGH: TNFa_Standards!$C$30
Name RecoveryLOW: TNFa_Standards!$B$30
Name ULOQ: TNFa_Standards!$F$31

Sheet TNFa_Curve
A1: Concentration | B1: NetMFI | C1: ∆Conc | D1: ∆MFI | E1: > check
A2: 0.49 | B2: 19.852967 | E2: =tblTNFa[[#This Row],[NetMFI]]>B1 -> FALSE
A3: 2.4915115 | B3: 70.939197 | E3: =tblTNFa[[#This Row],[NetMFI]]>B2 -> TRUE
A4: 4.493023 | B4: 148.02761 | E4: =tblTNFa[[#This Row],[NetMFI]]>B3 -> TRUE
A5: 6.4945345 | B5: 242.72501 | E5: =tblTNFa[[#This Row],[NetMFI]]>B4 -> TRUE
A6: 8.496046 | B6: 351.13785 | E6: =tblTNFa[[#This Row],[NetMFI]]>B5 -> TRUE
A7: 10.497558 | B7: 470.76961 | E7: =tblTNFa[[#This Row],[NetMFI]]>B6 -> TRUE
A8: 12.499069 | B8: 599.79603 | E8: =tblTNFa[[#This Row],[NetMFI]]>B7 -> TRUE
A9: 14.500581 | B9: 736.78473 | E9: =tblTNFa[[#This Row],[NetMFI]]>B8 -> TRUE
A10: 16.502092 | B10: 880.55979 | E10: =tblTNFa[[#This Row],[NetMFI]]>B9 -> TRUE
A11: 18.503604 | B11: 1030.127 | E11: =tblTNFa[[#This Row],[NetMFI]]>B10 -> TRUE
A12: 20.505115 | B12: 1184.6286 | E12: =tblTNFa[[#This Row],[NetMFI]]>B11 -> TRUE
A13: 22.506627 | B13: 1343.3139 | E13: =tblTNFa[[#This Row],[NetMFI]]>B12 -> TRUE
... A1001: 2000 | B1001: 17081.898 | E1001: =tblTNFa[[#This Row],[NetMFI]]>B1000 -> TRUE

Sheet TNFa_Standards
A1: STD | B1: Target (pg/ml) | C1: NetMFI | D1: y1 | E1: x1 | F1: y2 | G1: x2 | H1: Backcalc (pg/ml) | I1: Recovery (%) | J1: Status | M1: REF.Soll.X | N1: 1:1 | O1: LOK | P1: HOK | Q1: REF.Y | R1: Recov.OK80.Y | S1: Recov.OK120.Y
A2: Standard1 | B2: 2000 | C2: 18613.35 | D2: =_xlfn.XLOOKUP(C2,tblTNFa[NetMFI],tblTNFa[NetMFI],"OOR<",-1) -> 17081.898 | E2: =_xlfn.XLOOKUP(C2,tblTNFa[NetMFI],tblTNFa[Concentration],"OOR<",-1) -> 2000 | F2: =_xlfn.XLOOKUP(C2,tblTNFa[NetMFI],tblTNFa[NetMFI],"OOR>",1) -> OOR> | G2: =_xlfn.XLOOKUP(C2,tblTNFa[NetMFI],tblTNFa[Concentration],"OOR>",1) -> OOR> | H2: =IF(NOT(ISNUMBER(D2)),"OOR<",IF(NOT(ISNUMBER(F2)),"OOR>",E2+(C2-D2)/(F2-D2)*(G2-E2))) -> OOR> | I2: =IF(ISNUMBER(H2),H2/B2*100,H2) -> OOR> | J2: =IF(NOT(ISNUMBER(H2)),H2,IF(AND(I2>=80,I2<=120),"OK","check")) -> OOR> | M2: 0.1 | N2: =M2 -> 0.1 | O2: =N2*$B$30/100 -> 0.08 | P2: =N2*$C$30/100 -> 0.12 | Q2: 100 | R2: =B30 -> 80 | S2: =C30 -> 120
A3: Standard1 | B3: 2000 | C3: 16859.15 | D3: =_xlfn.XLOOKUP(C3,tblTNFa[NetMFI],tblTNFa[NetMFI],"OOR<",-1) -> 16858.645 | E3: =_xlfn.XLOOKUP(C3,tblTNFa[NetMFI],tblTNFa[Concentration],"OOR<",-1) -> 1329.4936 | F3: =_xlfn.XLOOKUP(C3,tblTNFa[NetMFI],tblTNFa[NetMFI],"OOR>",1) -> 16859.723 | G3: =_xlfn.XLOOKUP(C3,tblTNFa[NetMFI],tblTNFa[Concentration],"OOR>",1) -> 1331.4952 | H3: =IF(NOT(ISNUMBER(D3)),"OOR<",IF(NOT(ISNUMBER(F3)),"OOR>",E3+(C3-D3)/(F3-D3)*(G3-E3))) -> 1330.4312 | I3: =IF(ISNUMBER(H3),H3/B3*100,H3) -> 66.52156 | J3: =IF(NOT(ISNUMBER(H3)),H3,IF(AND(I3>=80,I3<=120),"OK","check")) -> check | M3: 10000 | N3: =M3 -> 10000 | O3: =N3*$B$30/100 -> 8000 | P3: =N3*$C$30/100 -> 12000 | Q3: 100 | R3: =B30 -> 80 | S3: =C30 -> 120
A4: Standard2 | B4: 500 | C4: 15453.19 | D4: =_xlfn.XLOOKUP(C4,tblTNFa[NetMFI],tblTNFa[NetMFI],"OOR<",-1) -> 15447.616 | E4: =_xlfn.XLOOKUP(C4,tblTNFa[NetMFI],tblTNFa[Concentration],"OOR<",-1) -> 504.8709 | F4: =_xlfn.XLOOKUP(C4,tblTNFa[NetMFI],tblTNFa[NetMFI],"OOR>",1) -> 15457.505 | G4: =_xlfn.XLOOKUP(C4,tblTNFa[NetMFI],tblTNFa[Concentration],"OOR>",1) -> 506.87241 | H4: =IF(NOT(ISNUMBER(D4)),"OOR<",IF(NOT(ISNUMBER(F4)),"OOR>",E4+(C4-D4)/(F4-D4)*(G4-E4))) -> 505.99907 | I4: =IF(ISNUMBER(H4),H4/B4*100,H4) -> 101.19981 | J4: =IF(NOT(ISNUMBER(H4)),H4,IF(AND(I4>=80,I4<=120),"OK","check")) -> OK
A5: Standard2 | B5: 500 | C5: 14938.92 | D5: =_xlfn.XLOOKUP(C5,tblTNFa[NetMFI],tblTNFa[NetMFI],"OOR<",-1) -> 14926.91 | E5: =_xlfn.XLOOKUP(C5,tblTNFa[NetMFI],tblTNFa[Concentration],"OOR<",-1) -> 418.80591 | F5: =_xlfn.XLOOKUP(C5,tblTNFa[NetMFI],tblTNFa[NetMFI],"OOR>",1) -> 14941.554 | G5: =_xlfn.XLOOKUP(C5,tblTNFa[NetMFI],tblTNFa[Concentration],"OOR>",1) -> 420.80742 | H5: =IF(NOT(ISNUMBER(D5)),"OOR<",IF(NOT(ISNUMBER(F5)),"OOR>",E5+(C5-D5)/(F5-D5)*(G5-E5))) -> 420.44745 | I5: =IF(ISNUMBER(H5),H5/B5*100,H5) -> 84.08949 | J5: =IF(NOT(ISNUMBER(H5)),H5,IF(AND(I5>=80,I5<=120),"OK","check")) -> OK
A6: Standard3 | B6: 125 | C6: 7997.59 | D6: =_xlfn.XLOOKUP(C6,tblTNFa[NetMFI],tblTNFa[NetMFI],"OOR<",-1) -> 7935.3743 | E6: =_xlfn.XLOOKUP(C6,tblTNFa[NetMFI],tblTNFa[Concentration],"OOR<",-1) -> 108.57162 | F6: =_xlfn.XLOOKUP(C6,tblTNFa[NetMFI],tblTNFa[NetMFI],"OOR>",1) -> 8051.1946 | G6: =_xlfn.XLOOKUP(C6,tblTNFa[NetMFI],tblTNFa[Concentration],"OOR>",1) -> 110.57313 | H6: =IF(NOT(ISNUMBER(D6)),"OOR<",IF(NOT(ISNUMBER(F6)),"OOR>",E6+(C6-D6)/(F6-D6)*(G6-E6))) -> 109.64678 | I6: =IF(ISNUMBER(H6),H6/B6*100,H6) -> 87.717426 | J6: =IF(NOT(ISNUMBER(H6)),H6,IF(AND(I6>=80,I6<=120),"OK","check")) -> OK
A7: Standard3 | B7: 125 | C7: 8785.12 | D7: =_xlfn.XLOOKUP(C7,tblTNFa[NetMFI],tblTNFa[NetMFI],"OOR<",-1) -> 8708.0001 | E7: =_xlfn.XLOOKUP(C7,tblTNFa[NetMFI],tblTNFa[Concentration],"OOR<",-1) -> 122.5822 | F7: =_xlfn.XLOOKUP(C7,tblTNFa[NetMFI],tblTNFa[NetMFI],"OOR>",1) -> 8811.3454 | G7: =_xlfn.XLOOKUP(C7,tblTNFa[NetMFI],tblTNFa[Concentration],"OOR>",1) -> 124.58371 | H7: =IF(NOT(ISNUMBER(D7)),"OOR<",IF(NOT(ISNUMBER(F7)),"OOR>",E7+(C7-D7)/(F7-D7)*(G7-E7))) -> 124.0758 | I7: =IF(ISNUMBER(H7),H7/B7*100,H7) -> 99.260641 | J7: =IF(NOT(ISNUMBER(H7)),H7,IF(AND(I7>=80,I7<=120),"OK","check")) -> OK
A8: Standard4 | B8: 31.25 | C8: 2276.53 | D8: =_xlfn.XLOOKUP(C8,tblTNFa[NetMFI],tblTNFa[NetMFI],"OOR<",-1) -> 2178.5896 | E8: =_xlfn.XLOOKUP(C8,tblTNFa[NetMFI],tblTNFa[Concentration],"OOR<",-1) -> 32.514184 | F8: =_xlfn.XLOOKUP(C8,tblTNFa[NetMFI],tblTNFa[NetMFI],"OOR>",1) -> 2350.644 | G8: =_xlfn.XLOOKUP(C8,tblTNFa[NetMFI],tblTNFa[Concentration],"OOR>",1) -> 34.515696 | H8: =IF(NOT(ISNUMBER(D8)),"OOR<",IF(NOT(ISNUMBER(F8)),"OOR>",E8+(C8-D8)/(F8-D8)*(G8-E8))) -> 33.653526 | I8: =IF(ISNUMBER(H8),H8/B8*100,H8) -> 107.69128 | J8: =IF(NOT(ISNUMBER(H8)),H8,IF(AND(I8>=80,I8<=120),"OK","check")) -> OK
A9: Standard4 | B9: 31.25 | C9: 1838.01 | D9: =_xlfn.XLOOKUP(C9,tblTNFa[NetMFI],tblTNFa[NetMFI],"OOR<",-1) -> 1670.6528 | E9: =_xlfn.XLOOKUP(C9,tblTNFa[NetMFI],tblTNFa[Concentration],"OOR<",-1) -> 26.50965 | F9: =_xlfn.XLOOKUP(C9,tblTNFa[NetMFI],tblTNFa[NetMFI],"OOR>",1) -> 1838.1855 | G9: =_xlfn.XLOOKUP(C9,tblTNFa[NetMFI],tblTNFa[Concentration],"OOR>",1) -> 28.511161 | H9: =IF(NOT(ISNUMBER(D9)),"OOR<",IF(NOT(ISNUMBER(F9)),"OOR>",E9+(C9-D9)/(F9-D9)*(G9-E9))) -> 28.509065 | I9: =IF(ISNUMBER(H9),H9/B9*100,H9) -> 91.229008 | J9: =IF(NOT(ISNUMBER(H9)),H9,IF(AND(I9>=80,I9<=120),"OK","check")) -> OK
A10: Standard5 | B10: 7.81 | C10: 334.36 | D10: =_xlfn.XLOOKUP(C10,tblTNFa[NetMFI],tblTNFa[NetMFI],"OOR<",-1) -> 242.72501 | E10: =_xlfn.XLOOKUP(C10,tblTNFa[NetMFI],tblTNFa[Concentration],"OOR<",-1) -> 6.4945345 | F10: =_xlfn.XLOOKUP(C10,tblTNFa[NetMFI],tblTNFa[NetMFI],"OOR>",1) -> 351.13785 | G10: =_xlfn.XLOOKUP(C10,tblTNFa[NetMFI],tblTNFa[Concentration],"OOR>",1) -> 8.496046 | H10: =IF(NOT(ISNUMBER(D10)),"OOR<",IF(NOT(ISNUMBER(F10)),"OOR>",E10+(C10-D10)/(F10-D10)*(G10-E10))) -> 8.1862943 | I10: =IF(ISNUMBER(H10),H10/B10*100,H10) -> 104.81811 | J10: =IF(NOT(ISNUMBER(H10)),H10,IF(AND(I10>=80,I10<=120),"OK","check")) -> OK
A11: Standard5 | B11: 7.81 | C11: 354.98 | D11: =_xlfn.XLOOKUP(C11,tblTNFa[NetMFI],tblTNFa[NetMFI],"OOR<",-1) -> 351.13785 | E11: =_xlfn.XLOOKUP(C11,tblTNFa[NetMFI],tblTNFa[Concentration],"OOR<",-1) -> 8.496046 | F11: =_xlfn.XLOOKUP(C11,tblTNFa[NetMFI],tblTNFa[NetMFI],"OOR>",1) -> 470.76961 | G11: =_xlfn.XLOOKUP(C11,tblTNFa[NetMFI],tblTNFa[Concentration],"OOR>",1) -> 10.497558 | H11: =IF(NOT(ISNUMBER(D11)),"OOR<",IF(NOT(ISNUMBER(F11)),"OOR>",E11+(C11-D11)/(F11-D11)*(G11-E11))) -> 8.5603275 | I11: =IF(ISNUMBER(H11),H11/B11*100,H11) -> 109.60727 | J11: =IF(NOT(ISNUMBER(H11)),H11,IF(AND(I11>=80,I11<=120),"OK","check")) -> OK
A12: Standard6 | B12: 1.95 | C12: 52.55 | D12: =_xlfn.XLOOKUP(C12,tblTNFa[NetMFI],tblTNFa[NetMFI],"OOR<",-1) -> 19.852967 | E12: =_xlfn.XLOOKUP(C12,tblTNFa[NetMFI],tblTNFa[Concentration],"OOR<",-1) -> 0.49 | F12: =_xlfn.XLOOKUP(C12,tblTNFa[NetMFI],tblTNFa[NetMFI],"OOR>",1) -> 70.939197 | G12: =_xlfn.XLOOKUP(C12,tblTNFa[NetMFI],tblTNFa[Concentration],"OOR>",1) -> 2.4915115 | H12: =IF(NOT(ISNUMBER(D12)),"OOR<",IF(NOT(ISNUMBER(F12)),"OOR>",E12+(C12-D12)/(F12-D12)*(G12-E12))) -> 1.7710397 | I12: =IF(ISNUMBER(H12),H12/B12*100,H12) -> 90.822548 | J12: =IF(NOT(ISNUMBER(H12)),H12,IF(AND(I12>=80,I12<=120),"OK","check")) -> OK
A13: Standard6 | B13: 1.95 | C13: 44.52 | D13: =_xlfn.XLOOKUP(C13,tblTNFa[NetMFI],tblTNFa[NetMFI],"OOR<",-1) -> 19.852967 | E13: =_xlfn.XLOOKUP(C13,tblTNFa[NetMFI],tblTNFa[Concentration],"OOR<",-1) -> 0.49 | F13: =_xlfn.XLOOKUP(C13,tblTNFa[NetMFI],tblTNFa[NetMFI],"OOR>",1) -> 70.939197 | G13: =_xlfn.XLOOKUP(C13,tblTNFa[NetMFI],tblTNFa[Concentration],"OOR>",1) -> 2.4915115 | H13: =IF(NOT(ISNUMBER(D13)),"OOR<",IF(NOT(ISNUMBER(F13)),"OOR>",E13+(C13-D13)/(F13-D13)*(G13-E13))) -> 1.4564317 | I13: =IF(ISNUMBER(H13),H13/B13*100,H13) -> 74.688804 | J13: =IF(NOT(ISNUMBER(H13)),H13,IF(AND(I13>=80,I13<=120),"OK","check")) -> check
A14: Standard7 | B14: 0.49 | C14: 18.89 | D14: =_xlfn.XLOOKUP(C14,tblTNFa[NetMFI],tblTNFa[NetMFI],"OOR<",-1) -> OOR< | E14: =_xlfn.XLOOKUP(C14,tblTNFa[NetMFI],tblTNFa[Concentration],"OOR<",-1) -> OOR< | F14: =_xlfn.XLOOKUP(C14,tblTNFa[NetMFI],tblTNFa[NetMFI],"OOR>",1) -> 19.852967 | G14: =_xlfn.XLOOKUP(C14,tblTNFa[NetMFI],tblTNFa[Concentration],"OOR>",1) -> 0.49 | H14: =IF(NOT(ISNUMBER(D14)),"OOR<",IF(NOT(ISNUMBER(F14)),"OOR>",E14+(C14-D14)/(F14-D14)*(G14-E14))) -> OOR< | I14: =IF(ISNUMBER(H14),H14/B14*100,H14) -> OOR< | J14: =IF(NOT(ISNUMBER(H14)),H14,IF(AND(I14>=80,I14<=120),"OK","check")) -> OOR<
A15: Standard7 | B15: 0.49 | C15: 22.03 | D15: =_xlfn.XLOOKUP(C15,tblTNFa[NetMFI],tblTNFa[NetMFI],"OOR<",-1) -> 19.852967 | E15: =_xlfn.XLOOKUP(C15,tblTNFa[NetMFI],tblTNFa[Concentration],"OOR<",-1) -> 0.49 | F15: =_xlfn.XLOOKUP(C15,tblTNFa[NetMFI],tblTNFa[NetMFI],"OOR>",1) -> 70.939197 | G15: =_xlfn.XLOOKUP(C15,tblTNFa[NetMFI],tblTNFa[Concentration],"OOR>",1) -> 2.4915115 | H15: =IF(NOT(ISNUMBER(D15)),"OOR<",IF(NOT(ISNUMBER(F15)),"OOR>",E15+(C15-D15)/(F15-D15)*(G15-E15))) -> 0.57529414 | I15: =IF(ISNUMBER(H15),H15/B15*100,H15) -> 117.40697 | J15: =IF(NOT(ISNUMBER(H15)),H15,IF(AND(I15>=80,I15<=120),"OK","check")) -> OK
A17: STD | B17: Target (pg/ml) | C17: Backcalc 1 | D17: Backcalc 2 | E17: Mean | F17: SD | G17: CV % | H17: Recovery (%) | J17: QC
A18: Standard1 | B18: 2000 | C18: OOR> | D18: 1330.4312 | E18: =IF(AND(ISNUMBER(C18),ISNUMBER(D18)),AVERAGE(C18:D18),"N.C.") -> N.C. | F18: =IF(AND(ISNUMBER(C18),ISNUMBER(D18)),_xlfn.STDEV.S(C18:D18),"N.C.") -> N.C. | G18: =IF(ISNUMBER(E18),F18/E18*100,E18) -> N.C. | H18: =IF(ISNUMBER(E18),E18/B18*100,E18) -> N.C. | J18: =IF(AND(ISNUMBER(C18),ISNUMBER(D18),G18<=$C$31,H18>=$B$30,H18<=$C$30),"PASS","FAIL") -> FAIL | K18: =IF(J18="PASS","✔","✖") -> ✖
A19: Standard2 | B19: 500 | C19: 505.99907 | D19: 420.44745 | E19: =IF(AND(ISNUMBER(C19),ISNUMBER(D19)),AVERAGE(C19:D19),"N.C.") -> 463.22326 | F19: =IF(AND(ISNUMBER(C19),ISNUMBER(D19)),_xlfn.STDEV.S(C19:D19),"N.C.") -> 60.494135 | G19: =IF(ISNUMBER(E19),F19/E19*100,E19) -> 13.05939 | H19: =IF(ISNUMBER(E19),E19/B19*100,E19) -> 92.644652 | J19: =IF(AND(ISNUMBER(C19),ISNUMBER(D19),G19<=$C$31,H19>=$B$30,H19<=$C$30),"PASS","FAIL") -> PASS | K19: =IF(J19="PASS","✔","✖") -> ✔
A20: Standard3 | B20: 125 | C20: 109.64678 | D20: 124.0758 | E20: =IF(AND(ISNUMBER(C20),ISNUMBER(D20)),AVERAGE(C20:D20),"N.C.") -> 116.86129 | F20: =IF(AND(ISNUMBER(C20),ISNUMBER(D20)),_xlfn.STDEV.S(C20:D20),"N.C.") -> 10.202857 | G20: =IF(ISNUMBER(E20),F20/E20*100,E20) -> 8.730741 | H20: =IF(ISNUMBER(E20),E20/B20*100,E20) -> 93.489033 | J20: =IF(AND(ISNUMBER(C20),ISNUMBER(D20),G20<=$C$31,H20>=$B$30,H20<=$C$30),"PASS","FAIL") -> PASS | K20: =IF(J20="PASS","✔","✖") -> ✔
A21: Standard4 | B21: 31.25 | C21: 33.653526 | D21: 28.509065 | E21: =IF(AND(ISNUMBER(C21),ISNUMBER(D21)),AVERAGE(C21:D21),"N.C.") -> 31.081296 | F21: =IF(AND(ISNUMBER(C21),ISNUMBER(D21)),_xlfn.STDEV.S(C21:D21),"N.C.") -> 3.6376834 | G21: =IF(ISNUMBER(E21),F21/E21*100,E21) -> 11.70377 | H21: =IF(ISNUMBER(E21),E21/B21*100,E21) -> 99.460146 | J21: =IF(AND(ISNUMBER(C21),ISNUMBER(D21),G21<=$C$31,H21>=$B$30,H21<=$C$30),"PASS","FAIL") -> PASS | K21: =IF(J21="PASS","✔","✖") -> ✔
A22: Standard5 | B22: 7.81 | C22: 8.1862943 | D22: 8.5603275 | E22: =IF(AND(ISNUMBER(C22),ISNUMBER(D22)),AVERAGE(C22:D22),"N.C.") -> 8.3733109 | F22: =IF(AND(ISNUMBER(C22),ISNUMBER(D22)),_xlfn.STDEV.S(C22:D22),"N.C.") -> 0.2644814 | G22: =IF(ISNUMBER(E22),F22/E22*100,E22) -> 3.1586239 | H22: =IF(ISNUMBER(E22),E22/B22*100,E22) -> 107.21269 | J22: =IF(AND(ISNUMBER(C22),ISNUMBER(D22),G22<=$C$31,H22>=$B$30,H22<=$C$30),"PASS","FAIL") -> PASS | K22: =IF(J22="PASS","✔","✖") -> ✔
A23: Standard6 | B23: 1.95 | C23: 1.7710397 | D23: 1.4564317 | E23: =IF(AND(ISNUMBER(C23),ISNUMBER(D23)),AVERAGE(C23:D23),"N.C.") -> 1.6137357 | F23: =IF(AND(ISNUMBER(C23),ISNUMBER(D23)),_xlfn.STDEV.S(C23:D23),"N.C.") -> 0.22246146 | G23: =IF(ISNUMBER(E23),F23/E23*100,E23) -> 13.785496 | H23: =IF(ISNUMBER(E23),E23/B23*100,E23) -> 82.755676 | J23: =IF(AND(ISNUMBER(C23),ISNUMBER(D23),G23<=$C$31,H23>=$B$30,H23<=$C$30),"PASS","FAIL") -> PASS | K23: =IF(J23="PASS","✔","✖") -> ✔
A24: Standard7 | B24: 0.49 | C24: OOR< | D24: 0.57529414 | E24: =IF(AND(ISNUMBER(C24),ISNUMBER(D24)),AVERAGE(C24:D24),"N.C.") -> N.C. | F24: =IF(AND(ISNUMBER(C24),ISNUMBER(D24)),_xlfn.STDEV.S(C24:D24),"N.C.") -> N.C. | G24: =IF(ISNUMBER(E24),F24/E24*100,E24) -> N.C. | H24: =IF(ISNUMBER(E24),E24/B24*100,E24) -> N.C. | J24: =IF(AND(ISNUMBER(C24),ISNUMBER(D24),G24<=$C$31,H24>=$B$30,H24<=$C$30),"PASS","FAIL") -> FAIL | K24: =IF(J24="PASS","✔","✖") -> ✖
A28: QC Criteria | E28: Quantification Range
B29: L | C29: H | E29: LLOQ | F29: =_xlfn.MINIFS(B18:B24,J18:J24,"PASS") -> 1.95
A30: Recovery | B30: 80 | C30: 120 | E30: LLOQ STD | F30: =_xlfn.XLOOKUP(_xlfn.MINIFS(B18:B24,J18:J24,"PASS"),B18:B24,A18:A24) -> Standard6
A31: CV | B31: ≤ | C31: 20 | E31: ULOQ | F31: =_xlfn.MAXIFS(B18:B24,J18:J24,"PASS") -> 500
E32: ULOQ STD | F32: =_xlfn.XLOOKUP(_xlfn.MAXIFS(B18:B24,J18:J24,"PASS"),B18:B24,A18:A24) -> Standard2

Sheet TNFa_Unknowns
A1: Sample | B1: Rep | C1: NetMFI | D1: y1 | E1: x1 | F1: y2 | G1: x2 | H1: Backcalc (pg/ml) | I1: Result Status | K1: Sample | L1: n | M1: Mean | N1: SD | O1: SEM | P1: CV % | Q1: Final Result
A2: 25-7-1 | B2: 1 | C2: 73.27 | D2: =_xlfn.XLOOKUP(C2,tblTNFa[NetMFI],tblTNFa[NetMFI],"OOR<",-1) -> 70.939197 | E2: =_xlfn.XLOOKUP(C2,tblTNFa[NetMFI],tblTNFa[Concentration],"OOR<",-1) -> 2.4915115 | F2: =_xlfn.XLOOKUP(C2,tblTNFa[NetMFI],tblTNFa[NetMFI],"OOR>",1) -> 148.02761 | G2: =_xlfn.XLOOKUP(C2,tblTNFa[NetMFI],tblTNFa[Concentration],"OOR>",1) -> 4.493023 | H2: =IF(NOT(ISNUMBER(D2)),"OOR<",IF(NOT(ISNUMBER(F2)),"OOR>",E2+(C2-D2)/(F2-D2)*(G2-E2))) -> 2.5520281 | I2: =IF(NOT(ISNUMBER(H2)),H2,IF(H2<LLOQ,"<LLOQ",IF(H2>ULOQ,">ULOQ","OK"))) -> OK | K2: {=_xlfn.UNIQUE(A2:A100)} -> 25-7-1 | L2: =IF(AND(K2<>"",K2<>0),COUNTIFS(TNFa_Unknowns!$A:$A,K2, TNFa_Unknowns!$I:$I,"OK"),"") -> 2 | M2: =IF(AND(K2<>"",K2<>0),IF(L2=2, AVERAGEIFS( TNFa_Unknowns!$H:$H, TNFa_Unknowns!$A:$A,K2, TNFa_Unknowns!$I:$I,"OK"), "N.C."),"") -> 2.7966075 | N2: {=IF(AND(K2<>"",K2<>0),IF(L2=2,_xlfn.STDEV.S(_xlfn._xlws.FILTER(TNFa_Unknowns!$H:$H,(TNFa_Unknowns!$A:$A=K2)*(TNFa_Unknowns!$I:$I="OK"))), "N.C."),"")} -> 0.34588749 | O2: =IF(AND(K2<>"",K2<>0),IF(ISNUMBER(N2),N2/SQRT(L2),"N.C."),"") -> 0.24457939 | P2: =IF(AND(K2<>"",K2<>0),IF(ISNUMBER(M2),N2/M2*100,"N.C."),"") -> 12.36811 | Q2: =IF(AND(K2<>"",K2<>0),IF(COUNTIFS(TNFa_Unknowns!$A:$A,K2,TNFa_Unknowns!$I:$I,"OOR>")>0, "OOR>", IF(COUNTIFS(TNFa_Unknowns!$A:$A,K2,TNFa_Unknowns!$I:$I,"OOR<")>0, "OOR<", IF(COUNTIFS(TNFa_Unknowns!$A:$A,K2,TNFa_Unknowns!$I:$I,"OK")=2, "quantifiable", IF(COUNTIFS(TNFa_Unknowns!$A:$A,K2,TNFa_Unknowns!$I:$I,"<LLOQ")=2, "<LLOQ", IF(COUNTIFS(TNFa_Unknowns!$A:$A,K2,TNFa_Unknowns!$I:$I,">ULOQ")=2, ">ULOQ", "review"))))),"") -> quantifiable
A3: 25-7-1 | B3: 2 | C3: 92.11 | D3: =_xlfn.XLOOKUP(C3,tblTNFa[NetMFI],tblTNFa[NetMFI],"OOR<",-1) -> 70.939197 | E3: =_xlfn.XLOOKUP(C3,tblTNFa[NetMFI],tblTNFa[Concentration],"OOR<",-1) -> 2.4915115 | F3: =_xlfn.XLOOKUP(C3,tblTNFa[NetMFI],tblTNFa[NetMFI],"OOR>",1) -> 148.02761 | G3: =_xlfn.XLOOKUP(C3,tblTNFa[NetMFI],tblTNFa[Concentration],"OOR>",1) -> 4.493023 | H3: =IF(NOT(ISNUMBER(D3)),"OOR<",IF(NOT(ISNUMBER(F3)),"OOR>",E3+(C3-D3)/(F3-D3)*(G3-E3))) -> 3.0411869 | I3: =IF(NOT(ISNUMBER(H3)),H3,IF(H3<LLOQ,"<LLOQ",IF(H3>ULOQ,">ULOQ","OK"))) -> OK | K3: 25-7-2 | L3: =IF(AND(K3<>"",K3<>0),COUNTIFS(TNFa_Unknowns!$A:$A,K3, TNFa_Unknowns!$I:$I,"OK"),"") -> 2 | M3: =IF(AND(K3<>"",K3<>0),IF(L3=2, AVERAGEIFS( TNFa_Unknowns!$H:$H, TNFa_Unknowns!$A:$A,K3, TNFa_Unknowns!$I:$I,"OK"), "N.C."),"") -> 3.1558173 | N3: {=IF(AND(K3<>"",K3<>0),IF(L3=2,_xlfn.STDEV.S(_xlfn._xlws.FILTER(TNFa_Unknowns!$H:$H,(TNFa_Unknowns!$A:$A=K3)*(TNFa_Unknowns!$I:$I="OK"))), "N.C."),"")} -> 0.39233629 | O3: =IF(AND(K3<>"",K3<>0),IF(ISNUMBER(N3),N3/SQRT(L3),"N.C."),"") -> 0.27742365 | P3: =IF(AND(K3<>"",K3<>0),IF(ISNUMBER(M3),N3/M3*100,"N.C."),"") -> 12.432161 | Q3: =IF(AND(K3<>"",K3<>0),IF(COUNTIFS(TNFa_Unknowns!$A:$A,K3,TNFa_Unknowns!$I:$I,"OOR>")>0, "OOR>", IF(COUNTIFS(TNFa_Unknowns!$A:$A,K3,TNFa_Unknowns!$I:$I,"OOR<")>0, "OOR<", IF(COUNTIFS(TNFa_Unknowns!$A:$A,K3,TNFa_Unknowns!$I:$I,"OK")=2, "quantifiable", IF(COUNTIFS(TNFa_Unknowns!$A:$A,K3,TNFa_Unknowns!$I:$I,"<LLOQ")=2, "<LLOQ", IF(COUNTIFS(TNFa_Unknowns!$A:$A,K3,TNFa_Unknowns!$I:$I,">ULOQ")=2, ">ULOQ", "review"))))),"") -> quantifiable
A4: 25-7-2 | B4: 1 | C4: 85.84 | D4: =_xlfn.XLOOKUP(C4,tblTNFa[NetMFI],tblTNFa[NetMFI],"OOR<",-1) -> 70.939197 | E4: =_xlfn.XLOOKUP(C4,tblTNFa[NetMFI],tblTNFa[Concentration],"OOR<",-1) -> 2.4915115 | F4: =_xlfn.XLOOKUP(C4,tblTNFa[NetMFI],tblTNFa[NetMFI],"OOR>",1) -> 148.02761 | G4: =_xlfn.XLOOKUP(C4,tblTNFa[NetMFI],tblTNFa[Concentration],"OOR>",1) -> 4.493023 | H4: =IF(NOT(ISNUMBER(D4)),"OOR<",IF(NOT(ISNUMBER(F4)),"OOR>",E4+(C4-D4)/(F4-D4)*(G4-E4))) -> 2.8783936 | I4: =IF(NOT(ISNUMBER(H4)),H4,IF(H4<LLOQ,"<LLOQ",IF(H4>ULOQ,">ULOQ","OK"))) -> OK | K4: 25-7-3 | L4: =IF(AND(K4<>"",K4<>0),COUNTIFS(TNFa_Unknowns!$A:$A,K4, TNFa_Unknowns!$I:$I,"OK"),"") -> 1 | M4: =IF(AND(K4<>"",K4<>0),IF(L4=2, AVERAGEIFS( TNFa_Unknowns!$H:$H, TNFa_Unknowns!$A:$A,K4, TNFa_Unknowns!$I:$I,"OK"), "N.C."),"") -> N.C. | N4: {=IF(AND(K4<>"",K4<>0),IF(L4=2,_xlfn.STDEV.S(_xlfn._xlws.FILTER(TNFa_Unknowns!$H:$H,(TNFa_Unknowns!$A:$A=K4)*(TNFa_Unknowns!$I:$I="OK"))), "N.C."),"")} -> N.C. | O4: =IF(AND(K4<>"",K4<>0),IF(ISNUMBER(N4),N4/SQRT(L4),"N.C."),"") -> N.C. | P4: =IF(AND(K4<>"",K4<>0),IF(ISNUMBER(M4),N4/M4*100,"N.C."),"") -> N.C. | Q4: =IF(AND(K4<>"",K4<>0),IF(COUNTIFS(TNFa_Unknowns!$A:$A,K4,TNFa_Unknowns!$I:$I,"OOR>")>0, "OOR>", IF(COUNTIFS(TNFa_Unknowns!$A:$A,K4,TNFa_Unknowns!$I:$I,"OOR<")>0, "OOR<", IF(COUNTIFS(TNFa_Unknowns!$A:$A,K4,TNFa_Unknowns!$I:$I,"OK")=2, "quantifiable", IF(COUNTIFS(TNFa_Unknowns!$A:$A,K4,TNFa_Unknowns!$I:$I,"<LLOQ")=2, "<LLOQ", IF(COUNTIFS(TNFa_Unknowns!$A:$A,K4,TNFa_Unknowns!$I:$I,">ULOQ")=2, ">ULOQ", "review"))))),"") -> review
A5: 25-7-2 | B5: 2 | C5: 107.21 | D5: =_xlfn.XLOOKUP(C5,tblTNFa[NetMFI],tblTNFa[NetMFI],"OOR<",-1) -> 70.939197 | E5: =_xlfn.XLOOKUP(C5,tblTNFa[NetMFI],tblTNFa[Concentration],"OOR<",-1) -> 2.4915115 | F5: =_xlfn.XLOOKUP(C5,tblTNFa[NetMFI],tblTNFa[NetMFI],"OOR>",1) -> 148.02761 | G5: =_xlfn.XLOOKUP(C5,tblTNFa[NetMFI],tblTNFa[Concentration],"OOR>",1) -> 4.493023 | H5: =IF(NOT(ISNUMBER(D5)),"OOR<",IF(NOT(ISNUMBER(F5)),"OOR>",E5+(C5-D5)/(F5-D5)*(G5-E5))) -> 3.4332409 | I5: =IF(NOT(ISNUMBER(H5)),H5,IF(H5<LLOQ,"<LLOQ",IF(H5>ULOQ,">ULOQ","OK"))) -> OK | K5: 25-7-4 | L5: =IF(AND(K5<>"",K5<>0),COUNTIFS(TNFa_Unknowns!$A:$A,K5, TNFa_Unknowns!$I:$I,"OK"),"") -> 2 | M5: =IF(AND(K5<>"",K5<>0),IF(L5=2, AVERAGEIFS( TNFa_Unknowns!$H:$H, TNFa_Unknowns!$A:$A,K5, TNFa_Unknowns!$I:$I,"OK"), "N.C."),"") -> 2.5150649 | N5: {=IF(AND(K5<>"",K5<>0),IF(L5=2,_xlfn.STDEV.S(_xlfn._xlws.FILTER(TNFa_Unknowns!$H:$H,(TNFa_Unknowns!$A:$A=K5)*(TNFa_Unknowns!$I:$I="OK"))), "N.C."),"")} -> 0.38898175 | O5: =IF(AND(K5<>"",K5<>0),IF(ISNUMBER(N5),N5/SQRT(L5),"N.C."),"") -> 0.27505163 | P5: =IF(AND(K5<>"",K5<>0),IF(ISNUMBER(M5),N5/M5*100,"N.C."),"") -> 15.466072 | Q5: =IF(AND(K5<>"",K5<>0),IF(COUNTIFS(TNFa_Unknowns!$A:$A,K5,TNFa_Unknowns!$I:$I,"OOR>")>0, "OOR>", IF(COUNTIFS(TNFa_Unknowns!$A:$A,K5,TNFa_Unknowns!$I:$I,"OOR<")>0, "OOR<", IF(COUNTIFS(TNFa_Unknowns!$A:$A,K5,TNFa_Unknowns!$I:$I,"OK")=2, "quantifiable", IF(COUNTIFS(TNFa_Unknowns!$A:$A,K5,TNFa_Unknowns!$I:$I,"<LLOQ")=2, "<LLOQ", IF(COUNTIFS(TNFa_Unknowns!$A:$A,K5,TNFa_Unknowns!$I:$I,">ULOQ")=2, ">ULOQ", "review"))))),"") -> quantifiable
A6: 25-7-3 | B6: 1 | C6: 40.62 | D6: =_xlfn.XLOOKUP(C6,tblTNFa[NetMFI],tblTNFa[NetMFI],"OOR<",-1) -> 19.852967 | E6: =_xlfn.XLOOKUP(C6,tblTNFa[NetMFI],tblTNFa[Concentration],"OOR<",-1) -> 0.49 | F6: =_xlfn.XLOOKUP(C6,tblTNFa[NetMFI],tblTNFa[NetMFI],"OOR>",1) -> 70.939197 | G6: =_xlfn.XLOOKUP(C6,tblTNFa[NetMFI],tblTNFa[Concentration],"OOR>",1) -> 2.4915115 | H6: =IF(NOT(ISNUMBER(D6)),"OOR<",IF(NOT(ISNUMBER(F6)),"OOR>",E6+(C6-D6)/(F6-D6)*(G6-E6))) -> 1.3036333 | I6: =IF(NOT(ISNUMBER(H6)),H6,IF(H6<LLOQ,"<LLOQ",IF(H6>ULOQ,">ULOQ","OK"))) -> <LLOQ | K6: 25-7-5 | L6: =IF(AND(K6<>"",K6<>0),COUNTIFS(TNFa_Unknowns!$A:$A,K6, TNFa_Unknowns!$I:$I,"OK"),"") -> 0 | M6: =IF(AND(K6<>"",K6<>0),IF(L6=2, AVERAGEIFS( TNFa_Unknowns!$H:$H, TNFa_Unknowns!$A:$A,K6, TNFa_Unknowns!$I:$I,"OK"), "N.C."),"") -> N.C. | N6: {=IF(AND(K6<>"",K6<>0),IF(L6=2,_xlfn.STDEV.S(_xlfn._xlws.FILTER(TNFa_Unknowns!$H:$H,(TNFa_Unknowns!$A:$A=K6)*(TNFa_Unknowns!$I:$I="OK"))), "N.C."),"")} -> N.C. | O6: =IF(AND(K6<>"",K6<>0),IF(ISNUMBER(N6),N6/SQRT(L6),"N.C."),"") -> N.C. | P6: =IF(AND(K6<>"",K6<>0),IF(ISNUMBER(M6),N6/M6*100,"N.C."),"") -> N.C. | Q6: =IF(AND(K6<>"",K6<>0),IF(COUNTIFS(TNFa_Unknowns!$A:$A,K6,TNFa_Unknowns!$I:$I,"OOR>")>0, "OOR>", IF(COUNTIFS(TNFa_Unknowns!$A:$A,K6,TNFa_Unknowns!$I:$I,"OOR<")>0, "OOR<", IF(COUNTIFS(TNFa_Unknowns!$A:$A,K6,TNFa_Unknowns!$I:$I,"OK")=2, "quantifiable", IF(COUNTIFS(TNFa_Unknowns!$A:$A,K6,TNFa_Unknowns!$I:$I,"<LLOQ")=2, "<LLOQ", IF(COUNTIFS(TNFa_Unknowns!$A:$A,K6,TNFa_Unknowns!$I:$I,">ULOQ")=2, ">ULOQ", "review"))))),"") -> <LLOQ
A7: 25-7-3 | B7: 2 | C7: 69.96 | D7: =_xlfn.XLOOKUP(C7,tblTNFa[NetMFI],tblTNFa[NetMFI],"OOR<",-1) -> 19.852967 | E7: =_xlfn.XLOOKUP(C7,tblTNFa[NetMFI],tblTNFa[Concentration],"OOR<",-1) -> 0.49 | F7: =_xlfn.XLOOKUP(C7,tblTNFa[NetMFI],tblTNFa[NetMFI],"OOR>",1) -> 70.939197 | G7: =_xlfn.XLOOKUP(C7,tblTNFa[NetMFI],tblTNFa[Concentration],"OOR>",1) -> 2.4915115 | H7: =IF(NOT(ISNUMBER(D7)),"OOR<",IF(NOT(ISNUMBER(F7)),"OOR>",E7+(C7-D7)/(F7-D7)*(G7-E7))) -> 2.4531475 | I7: =IF(NOT(ISNUMBER(H7)),H7,IF(H7<LLOQ,"<LLOQ",IF(H7>ULOQ,">ULOQ","OK"))) -> OK | K7: 25-7-6 | L7: =IF(AND(K7<>"",K7<>0),COUNTIFS(TNFa_Unknowns!$A:$A,K7, TNFa_Unknowns!$I:$I,"OK"),"") -> 1 | M7: =IF(AND(K7<>"",K7<>0),IF(L7=2, AVERAGEIFS( TNFa_Unknowns!$H:$H, TNFa_Unknowns!$A:$A,K7, TNFa_Unknowns!$I:$I,"OK"), "N.C."),"") -> N.C. | N7: {=IF(AND(K7<>"",K7<>0),IF(L7=2,_xlfn.STDEV.S(_xlfn._xlws.FILTER(TNFa_Unknowns!$H:$H,(TNFa_Unknowns!$A:$A=K7)*(TNFa_Unknowns!$I:$I="OK"))), "N.C."),"")} -> N.C. | O7: =IF(AND(K7<>"",K7<>0),IF(ISNUMBER(N7),N7/SQRT(L7),"N.C."),"") -> N.C. | P7: =IF(AND(K7<>"",K7<>0),IF(ISNUMBER(M7),N7/M7*100,"N.C."),"") -> N.C. | Q7: =IF(AND(K7<>"",K7<>0),IF(COUNTIFS(TNFa_Unknowns!$A:$A,K7,TNFa_Unknowns!$I:$I,"OOR>")>0, "OOR>", IF(COUNTIFS(TNFa_Unknowns!$A:$A,K7,TNFa_Unknowns!$I:$I,"OOR<")>0, "OOR<", IF(COUNTIFS(TNFa_Unknowns!$A:$A,K7,TNFa_Unknowns!$I:$I,"OK")=2, "quantifiable", IF(COUNTIFS(TNFa_Unknowns!$A:$A,K7,TNFa_Unknowns!$I:$I,"<LLOQ")=2, "<LLOQ", IF(COUNTIFS(TNFa_Unknowns!$A:$A,K7,TNFa_Unknowns!$I:$I,">ULOQ")=2, ">ULOQ", "review"))))),"") -> review
A8: 25-7-4 | B8: 1 | C8: 82.44 | D8: =_xlfn.XLOOKUP(C8,tblTNFa[NetMFI],tblTNFa[NetMFI],"OOR<",-1) -> 70.939197 | E8: =_xlfn.XLOOKUP(C8,tblTNFa[NetMFI],tblTNFa[Concentration],"OOR<",-1) -> 2.4915115 | F8: =_xlfn.XLOOKUP(C8,tblTNFa[NetMFI],tblTNFa[NetMFI],"OOR>",1) -> 148.02761 | G8: =_xlfn.XLOOKUP(C8,tblTNFa[NetMFI],tblTNFa[Concentration],"OOR>",1) -> 4.493023 | H8: =IF(NOT(ISNUMBER(D8)),"OOR<",IF(NOT(ISNUMBER(F8)),"OOR>",E8+(C8-D8)/(F8-D8)*(G8-E8))) -> 2.7901166 | I8: =IF(NOT(ISNUMBER(H8)),H8,IF(H8<LLOQ,"<LLOQ",IF(H8>ULOQ,">ULOQ","OK"))) -> OK | K8: 25-7-7 | L8: =IF(AND(K8<>"",K8<>0),COUNTIFS(TNFa_Unknowns!$A:$A,K8, TNFa_Unknowns!$I:$I,"OK"),"") -> 2 | M8: =IF(AND(K8<>"",K8<>0),IF(L8=2, AVERAGEIFS( TNFa_Unknowns!$H:$H, TNFa_Unknowns!$A:$A,K8, TNFa_Unknowns!$I:$I,"OK"), "N.C."),"") -> 2.825687 | N8: {=IF(AND(K8<>"",K8<>0),IF(L8=2,_xlfn.STDEV.S(_xlfn._xlws.FILTER(TNFa_Unknowns!$H:$H,(TNFa_Unknowns!$A:$A=K8)*(TNFa_Unknowns!$I:$I="OK"))), "N.C."),"")} -> 0.15935793 | O8: =IF(AND(K8<>"",K8<>0),IF(ISNUMBER(N8),N8/SQRT(L8),"N.C."),"") -> 0.11268307 | P8: =IF(AND(K8<>"",K8<>0),IF(ISNUMBER(M8),N8/M8*100,"N.C."),"") -> 5.6396172 | Q8: =IF(AND(K8<>"",K8<>0),IF(COUNTIFS(TNFa_Unknowns!$A:$A,K8,TNFa_Unknowns!$I:$I,"OOR>")>0, "OOR>", IF(COUNTIFS(TNFa_Unknowns!$A:$A,K8,TNFa_Unknowns!$I:$I,"OOR<")>0, "OOR<", IF(COUNTIFS(TNFa_Unknowns!$A:$A,K8,TNFa_Unknowns!$I:$I,"OK")=2, "quantifiable", IF(COUNTIFS(TNFa_Unknowns!$A:$A,K8,TNFa_Unknowns!$I:$I,"<LLOQ")=2, "<LLOQ", IF(COUNTIFS(TNFa_Unknowns!$A:$A,K8,TNFa_Unknowns!$I:$I,">ULOQ")=2, ">ULOQ", "review"))))),"") -> quantifiable
A9: 25-7-4 | B9: 2 | C9: 64.52 | D9: =_xlfn.XLOOKUP(C9,tblTNFa[NetMFI],tblTNFa[NetMFI],"OOR<",-1) -> 19.852967 | E9: =_xlfn.XLOOKUP(C9,tblTNFa[NetMFI],tblTNFa[Concentration],"OOR<",-1) -> 0.49 | F9: =_xlfn.XLOOKUP(C9,tblTNFa[NetMFI],tblTNFa[NetMFI],"OOR>",1) -> 70.939197 | G9: =_xlfn.XLOOKUP(C9,tblTNFa[NetMFI],tblTNFa[Concentration],"OOR>",1) -> 2.4915115 | H9: =IF(NOT(ISNUMBER(D9)),"OOR<",IF(NOT(ISNUMBER(F9)),"OOR>",E9+(C9-D9)/(F9-D9)*(G9-E9))) -> 2.2400133 | I9: =IF(NOT(ISNUMBER(H9)),H9,IF(H9<LLOQ,"<LLOQ",IF(H9>ULOQ,">ULOQ","OK"))) -> OK | K9: 25-7-8 | L9: =IF(AND(K9<>"",K9<>0),COUNTIFS(TNFa_Unknowns!$A:$A,K9, TNFa_Unknowns!$I:$I,"OK"),"") -> 2 | M9: =IF(AND(K9<>"",K9<>0),IF(L9=2, AVERAGEIFS( TNFa_Unknowns!$H:$H, TNFa_Unknowns!$A:$A,K9, TNFa_Unknowns!$I:$I,"OK"), "N.C."),"") -> 3.0697471 | N9: {=IF(AND(K9<>"",K9<>0),IF(L9=2,_xlfn.STDEV.S(_xlfn._xlws.FILTER(TNFa_Unknowns!$H:$H,(TNFa_Unknowns!$A:$A=K9)*(TNFa_Unknowns!$I:$I="OK"))), "N.C."),"")} -> 0.29852073 | O9: =IF(AND(K9<>"",K9<>0),IF(ISNUMBER(N9),N9/SQRT(L9),"N.C."),"") -> 0.21108604 | P9: =IF(AND(K9<>"",K9<>0),IF(ISNUMBER(M9),N9/M9*100,"N.C."),"") -> 9.7246034 | Q9: =IF(AND(K9<>"",K9<>0),IF(COUNTIFS(TNFa_Unknowns!$A:$A,K9,TNFa_Unknowns!$I:$I,"OOR>")>0, "OOR>", IF(COUNTIFS(TNFa_Unknowns!$A:$A,K9,TNFa_Unknowns!$I:$I,"OOR<")>0, "OOR<", IF(COUNTIFS(TNFa_Unknowns!$A:$A,K9,TNFa_Unknowns!$I:$I,"OK")=2, "quantifiable", IF(COUNTIFS(TNFa_Unknowns!$A:$A,K9,TNFa_Unknowns!$I:$I,"<LLOQ")=2, "<LLOQ", IF(COUNTIFS(TNFa_Unknowns!$A:$A,K9,TNFa_Unknowns!$I:$I,">ULOQ")=2, ">ULOQ", "review"))))),"") -> quantifiable
A10: 25-7-5 | B10: 1 | C10: 53.74 | D10: =_xlfn.XLOOKUP(C10,tblTNFa[NetMFI],tblTNFa[NetMFI],"OOR<",-1) -> 19.852967 | E10: =_xlfn.XLOOKUP(C10,tblTNFa[NetMFI],tblTNFa[Concentration],"OOR<",-1) -> 0.49 | F10: =_xlfn.XLOOKUP(C10,tblTNFa[NetMFI],tblTNFa[NetMFI],"OOR>",1) -> 70.939197 | G10: =_xlfn.XLOOKUP(C10,tblTNFa[NetMFI],tblTNFa[Concentration],"OOR>",1) -> 2.4915115 | H10: =IF(NOT(ISNUMBER(D10)),"OOR<",IF(NOT(ISNUMBER(F10)),"OOR>",E10+(C10-D10)/(F10-D10)*(G10-E10))) -> 1.8176628 | I10: =IF(NOT(ISNUMBER(H10)),H10,IF(H10<LLOQ,"<LLOQ",IF(H10>ULOQ,">ULOQ","OK"))) -> <LLOQ | K10: 25-7-9 | L10: =IF(AND(K10<>"",K10<>0),COUNTIFS(TNFa_Unknowns!$A:$A,K10, TNFa_Unknowns!$I:$I,"OK"),"") -> 2 | M10: =IF(AND(K10<>"",K10<>0),IF(L10=2, AVERAGEIFS( TNFa_Unknowns!$H:$H, TNFa_Unknowns!$A:$A,K10, TNFa_Unknowns!$I:$I,"OK"), "N.C."),"") -> 3.162438 | N10: {=IF(AND(K10<>"",K10<>0),IF(L10=2,_xlfn.STDEV.S(_xlfn._xlws.FILTER(TNFa_Unknowns!$H:$H,(TNFa_Unknowns!$A:$A=K10)*(TNFa_Unknowns!$I:$I="OK"))), "N.C."),"")} -> 0.56436208 | O10: =IF(AND(K10<>"",K10<>0),IF(ISNUMBER(N10),N10/SQRT(L10),"N.C."),"") -> 0.39906425 | P10: =IF(AND(K10<>"",K10<>0),IF(ISNUMBER(M10),N10/M10*100,"N.C."),"") -> 17.845791 | Q10: =IF(AND(K10<>"",K10<>0),IF(COUNTIFS(TNFa_Unknowns!$A:$A,K10,TNFa_Unknowns!$I:$I,"OOR>")>0, "OOR>", IF(COUNTIFS(TNFa_Unknowns!$A:$A,K10,TNFa_Unknowns!$I:$I,"OOR<")>0, "OOR<", IF(COUNTIFS(TNFa_Unknowns!$A:$A,K10,TNFa_Unknowns!$I:$I,"OK")=2, "quantifiable", IF(COUNTIFS(TNFa_Unknowns!$A:$A,K10,TNFa_Unknowns!$I:$I,"<LLOQ")=2, "<LLOQ", IF(COUNTIFS(TNFa_Unknowns!$A:$A,K10,TNFa_Unknowns!$I:$I,">ULOQ")=2, ">ULOQ", "review"))))),"") -> quantifiable
A11: 25-7-5 | B11: 2 | C11: 46.12 | D11: =_xlfn.XLOOKUP(C11,tblTNFa[NetMFI],tblTNFa[NetMFI],"OOR<",-1) -> 19.852967 | E11: =_xlfn.XLOOKUP(C11,tblTNFa[NetMFI],tblTNFa[Concentration],"OOR<",-1) -> 0.49 | F11: =_xlfn.XLOOKUP(C11,tblTNFa[NetMFI],tblTNFa[NetMFI],"OOR>",1) -> 70.939197 | G11: =_xlfn.XLOOKUP(C11,tblTNFa[NetMFI],tblTNFa[Concentration],"OOR>",1) -> 2.4915115 | H11: =IF(NOT(ISNUMBER(D11)),"OOR<",IF(NOT(ISNUMBER(F11)),"OOR>",E11+(C11-D11)/(F11-D11)*(G11-E11))) -> 1.5191182 | I11: =IF(NOT(ISNUMBER(H11)),H11,IF(H11<LLOQ,"<LLOQ",IF(H11>ULOQ,">ULOQ","OK"))) -> <LLOQ | K11: 25-7-10 | L11: =IF(AND(K11<>"",K11<>0),COUNTIFS(TNFa_Unknowns!$A:$A,K11, TNFa_Unknowns!$I:$I,"OK"),"") -> 1 | M11: =IF(AND(K11<>"",K11<>0),IF(L11=2, AVERAGEIFS( TNFa_Unknowns!$H:$H, TNFa_Unknowns!$A:$A,K11, TNFa_Unknowns!$I:$I,"OK"), "N.C."),"") -> N.C. | N11: {=IF(AND(K11<>"",K11<>0),IF(L11=2,_xlfn.STDEV.S(_xlfn._xlws.FILTER(TNFa_Unknowns!$H:$H,(TNFa_Unknowns!$A:$A=K11)*(TNFa_Unknowns!$I:$I="OK"))), "N.C."),"")} -> N.C. | O11: =IF(AND(K11<>"",K11<>0),IF(ISNUMBER(N11),N11/SQRT(L11),"N.C."),"") -> N.C. | P11: =IF(AND(K11<>"",K11<>0),IF(ISNUMBER(M11),N11/M11*100,"N.C."),"") -> N.C. | Q11: =IF(AND(K11<>"",K11<>0),IF(COUNTIFS(TNFa_Unknowns!$A:$A,K11,TNFa_Unknowns!$I:$I,"OOR>")>0, "OOR>", IF(COUNTIFS(TNFa_Unknowns!$A:$A,K11,TNFa_Unknowns!$I:$I,"OOR<")>0, "OOR<", IF(COUNTIFS(TNFa_Unknowns!$A:$A,K11,TNFa_Unknowns!$I:$I,"OK")=2, "quantifiable", IF(COUNTIFS(TNFa_Unknowns!$A:$A,K11,TNFa_Unknowns!$I:$I,"<LLOQ")=2, "<LLOQ", IF(COUNTIFS(TNFa_Unknowns!$A:$A,K11,TNFa_Unknowns!$I:$I,">ULOQ")=2, ">ULOQ", "review"))))),"") -> review
A12: 25-7-6 | B12: 1 | C12: 92.82 | D12: =_xlfn.XLOOKUP(C12,tblTNFa[NetMFI],tblTNFa[NetMFI],"OOR<",-1) -> 70.939197 | E12: =_xlfn.XLOOKUP(C12,tblTNFa[NetMFI],tblTNFa[Concentration],"OOR<",-1) -> 2.4915115 | F12: =_xlfn.XLOOKUP(C12,tblTNFa[NetMFI],tblTNFa[NetMFI],"OOR>",1) -> 148.02761 | G12: =_xlfn.XLOOKUP(C12,tblTNFa[NetMFI],tblTNFa[Concentration],"OOR>",1) -> 4.493023 | H12: =IF(NOT(ISNUMBER(D12)),"OOR<",IF(NOT(ISNUMBER(F12)),"OOR>",E12+(C12-D12)/(F12-D12)*(G12-E12))) -> 3.0596212 | I12: =IF(NOT(ISNUMBER(H12)),H12,IF(H12<LLOQ,"<LLOQ",IF(H12>ULOQ,">ULOQ","OK"))) -> OK | K12: 25-7-11 | L12: =IF(AND(K12<>"",K12<>0),COUNTIFS(TNFa_Unknowns!$A:$A,K12, TNFa_Unknowns!$I:$I,"OK"),"") -> 1 | M12: =IF(AND(K12<>"",K12<>0),IF(L12=2, AVERAGEIFS( TNFa_Unknowns!$H:$H, TNFa_Unknowns!$A:$A,K12, TNFa_Unknowns!$I:$I,"OK"), "N.C."),"") -> N.C. | N12: {=IF(AND(K12<>"",K12<>0),IF(L12=2,_xlfn.STDEV.S(_xlfn._xlws.FILTER(TNFa_Unknowns!$H:$H,(TNFa_Unknowns!$A:$A=K12)*(TNFa_Unknowns!$I:$I="OK"))), "N.C."),"")} -> N.C. | O12: =IF(AND(K12<>"",K12<>0),IF(ISNUMBER(N12),N12/SQRT(L12),"N.C."),"") -> N.C. | P12: =IF(AND(K12<>"",K12<>0),IF(ISNUMBER(M12),N12/M12*100,"N.C."),"") -> N.C. | Q12: =IF(AND(K12<>"",K12<>0),IF(COUNTIFS(TNFa_Unknowns!$A:$A,K12,TNFa_Unknowns!$I:$I,"OOR>")>0, "OOR>", IF(COUNTIFS(TNFa_Unknowns!$A:$A,K12,TNFa_Unknowns!$I:$I,"OOR<")>0, "OOR<", IF(COUNTIFS(TNFa_Unknowns!$A:$A,K12,TNFa_Unknowns!$I:$I,"OK")=2, "quantifiable", IF(COUNTIFS(TNFa_Unknowns!$A:$A,K12,TNFa_Unknowns!$I:$I,"<LLOQ")=2, "<LLOQ", IF(COUNTIFS(TNFa_Unknowns!$A:$A,K12,TNFa_Unknowns!$I:$I,">ULOQ")=2, ">ULOQ", "review"))))),"") -> review
A13: 25-7-6 | B13: 2 | C13: 44.77 | D13: =_xlfn.XLOOKUP(C13,tblTNFa[NetMFI],tblTNFa[NetMFI],"OOR<",-1) -> 19.852967 | E13: =_xlfn.XLOOKUP(C13,tblTNFa[NetMFI],tblTNFa[Concentration],"OOR<",-1) -> 0.49 | F13: =_xlfn.XLOOKUP(C13,tblTNFa[NetMFI],tblTNFa[NetMFI],"OOR>",1) -> 70.939197 | G13: =_xlfn.XLOOKUP(C13,tblTNFa[NetMFI],tblTNFa[Concentration],"OOR>",1) -> 2.4915115 | H13: =IF(NOT(ISNUMBER(D13)),"OOR<",IF(NOT(ISNUMBER(F13)),"OOR>",E13+(C13-D13)/(F13-D13)*(G13-E13))) -> 1.4662264 | I13: =IF(NOT(ISNUMBER(H13)),H13,IF(H13<LLOQ,"<LLOQ",IF(H13>ULOQ,">ULOQ","OK"))) -> <LLOQ | K13: 25-7-12 | L13: =IF(AND(K13<>"",K13<>0),COUNTIFS(TNFa_Unknowns!$A:$A,K13, TNFa_Unknowns!$I:$I,"OK"),"") -> 1 | M13: =IF(AND(K13<>"",K13<>0),IF(L13=2, AVERAGEIFS( TNFa_Unknowns!$H:$H, TNFa_Unknowns!$A:$A,K13, TNFa_Unknowns!$I:$I,"OK"), "N.C."),"") -> N.C. | N13: {=IF(AND(K13<>"",K13<>0),IF(L13=2,_xlfn.STDEV.S(_xlfn._xlws.FILTER(TNFa_Unknowns!$H:$H,(TNFa_Unknowns!$A:$A=K13)*(TNFa_Unknowns!$I:$I="OK"))), "N.C."),"")} -> N.C. | O13: =IF(AND(K13<>"",K13<>0),IF(ISNUMBER(N13),N13/SQRT(L13),"N.C."),"") -> N.C. | P13: =IF(AND(K13<>"",K13<>0),IF(ISNUMBER(M13),N13/M13*100,"N.C."),"") -> N.C. | Q13: =IF(AND(K13<>"",K13<>0),IF(COUNTIFS(TNFa_Unknowns!$A:$A,K13,TNFa_Unknowns!$I:$I,"OOR>")>0, "OOR>", IF(COUNTIFS(TNFa_Unknowns!$A:$A,K13,TNFa_Unknowns!$I:$I,"OOR<")>0, "OOR<", IF(COUNTIFS(TNFa_Unknowns!$A:$A,K13,TNFa_Unknowns!$I:$I,"OK")=2, "quantifiable", IF(COUNTIFS(TNFa_Unknowns!$A:$A,K13,TNFa_Unknowns!$I:$I,"<LLOQ")=2, "<LLOQ", IF(COUNTIFS(TNFa_Unknowns!$A:$A,K13,TNFa_Unknowns!$I:$I,">ULOQ")=2, ">ULOQ", "review"))))),"") -> review
A14: 25-7-7 | B14: 1 | C14: 79.47 | D14: =_xlfn.XLOOKUP(C14,tblTNFa[NetMFI],tblTNFa[NetMFI],"OOR<",-1) -> 70.939197 | E14: =_xlfn.XLOOKUP(C14,tblTNFa[NetMFI],tblTNFa[Concentration],"OOR<",-1) -> 2.4915115 | F14: =_xlfn.XLOOKUP(C14,tblTNFa[NetMFI],tblTNFa[NetMFI],"OOR>",1) -> 148.02761 | G14: =_xlfn.XLOOKUP(C14,tblTNFa[NetMFI],tblTNFa[Concentration],"OOR>",1) -> 4.493023 | H14: =IF(NOT(ISNUMBER(D14)),"OOR<",IF(NOT(ISNUMBER(F14)),"OOR>",E14+(C14-D14)/(F14-D14)*(G14-E14))) -> 2.7130039 | I14: =IF(NOT(ISNUMBER(H14)),H14,IF(H14<LLOQ,"<LLOQ",IF(H14>ULOQ,">ULOQ","OK"))) -> OK | K14: 25-7-13 | L14: =IF(AND(K14<>"",K14<>0),COUNTIFS(TNFa_Unknowns!$A:$A,K14, TNFa_Unknowns!$I:$I,"OK"),"") -> 1 | M14: =IF(AND(K14<>"",K14<>0),IF(L14=2, AVERAGEIFS( TNFa_Unknowns!$H:$H, TNFa_Unknowns!$A:$A,K14, TNFa_Unknowns!$I:$I,"OK"), "N.C."),"") -> N.C. | N14: {=IF(AND(K14<>"",K14<>0),IF(L14=2,_xlfn.STDEV.S(_xlfn._xlws.FILTER(TNFa_Unknowns!$H:$H,(TNFa_Unknowns!$A:$A=K14)*(TNFa_Unknowns!$I:$I="OK"))), "N.C."),"")} -> N.C. | O14: =IF(AND(K14<>"",K14<>0),IF(ISNUMBER(N14),N14/SQRT(L14),"N.C."),"") -> N.C. | P14: =IF(AND(K14<>"",K14<>0),IF(ISNUMBER(M14),N14/M14*100,"N.C."),"") -> N.C. | Q14: =IF(AND(K14<>"",K14<>0),IF(COUNTIFS(TNFa_Unknowns!$A:$A,K14,TNFa_Unknowns!$I:$I,"OOR>")>0, "OOR>", IF(COUNTIFS(TNFa_Unknowns!$A:$A,K14,TNFa_Unknowns!$I:$I,"OOR<")>0, "OOR<", IF(COUNTIFS(TNFa_Unknowns!$A:$A,K14,TNFa_Unknowns!$I:$I,"OK")=2, "quantifiable", IF(COUNTIFS(TNFa_Unknowns!$A:$A,K14,TNFa_Unknowns!$I:$I,"<LLOQ")=2, "<LLOQ", IF(COUNTIFS(TNFa_Unknowns!$A:$A,K14,TNFa_Unknowns!$I:$I,">ULOQ")=2, ">ULOQ", "review"))))),"") -> review
... A29: 25-7-14 | B29: 2 | C29: 68.98 | D29: =_xlfn.XLOOKUP(C29,tblTNFa[NetMFI],tblTNFa[NetMFI],"OOR<",-1) -> 19.852967 | E29: =_xlfn.XLOOKUP(C29,tblTNFa[NetMFI],tblTNFa[Concentration],"OOR<",-1) -> 0.49 | F29: =_xlfn.XLOOKUP(C29,tblTNFa[NetMFI],tblTNFa[NetMFI],"OOR>",1) -> 70.939197 | G29: =_xlfn.XLOOKUP(C29,tblTNFa[NetMFI],tblTNFa[Concentration],"OOR>",1) -> 2.4915115 | H29: =IF(NOT(ISNUMBER(D29)),"OOR<",IF(NOT(ISNUMBER(F29)),"OOR>",E29+(C29-D29)/(F29-D29)*(G29-E29))) -> 2.414752 | I29: =IF(NOT(ISNUMBER(H29)),H29,IF(H29<LLOQ,"<LLOQ",IF(H29>ULOQ,">ULOQ","OK"))) -> OK | K29: 25-7-28 | L29: =IF(AND(K29<>"",K29<>0),COUNTIFS(TNFa_Unknowns!$A:$A,K29, TNFa_Unknowns!$I:$I,"OK"),"") -> 1 | M29: =IF(AND(K29<>"",K29<>0),IF(L29=2, AVERAGEIFS( TNFa_Unknowns!$H:$H, TNFa_Unknowns!$A:$A,K29, TNFa_Unknowns!$I:$I,"OK"), "N.C."),"") -> N.C. | N29: {=IF(AND(K29<>"",K29<>0),IF(L29=2,_xlfn.STDEV.S(_xlfn._xlws.FILTER(TNFa_Unknowns!$H:$H,(TNFa_Unknowns!$A:$A=K29)*(TNFa_Unknowns!$I:$I="OK"))), "N.C."),"")} -> N.C. | O29: =IF(AND(K29<>"",K29<>0),IF(ISNUMBER(N29),N29/SQRT(L29),"N.C."),"") -> N.C. | P29: =IF(AND(K29<>"",K29<>0),IF(ISNUMBER(M29),N29/M29*100,"N.C."),"") -> N.C. | Q29: =IF(AND(K29<>"",K29<>0),IF(COUNTIFS(TNFa_Unknowns!$A:$A,K29,TNFa_Unknowns!$I:$I,"OOR>")>0, "OOR>", IF(COUNTIFS(TNFa_Unknowns!$A:$A,K29,TNFa_Unknowns!$I:$I,"OOR<")>0, "OOR<", IF(COUNTIFS(TNFa_Unknowns!$A:$A,K29,TNFa_Unknowns!$I:$I,"OK")=2, "quantifiable", IF(COUNTIFS(TNFa_Unknowns!$A:$A,K29,TNFa_Unknowns!$I:$I,"<LLOQ")=2, "<LLOQ", IF(COUNTIFS(TNFa_Unknowns!$A:$A,K29,TNFa_Unknowns!$I:$I,">ULOQ")=2, ">ULOQ", "review"))))),"") -> review
A30: 25-7-15 | B30: 1 | C30: 302.15 | D30: =_xlfn.XLOOKUP(C30,tblTNFa[NetMFI],tblTNFa[NetMFI],"OOR<",-1) -> 242.72501 | E30: =_xlfn.XLOOKUP(C30,tblTNFa[NetMFI],tblTNFa[Concentration],"OOR<",-1) -> 6.4945345 | F30: =_xlfn.XLOOKUP(C30,tblTNFa[NetMFI],tblTNFa[NetMFI],"OOR>",1) -> 351.13785 | G30: =_xlfn.XLOOKUP(C30,tblTNFa[NetMFI],tblTNFa[Concentration],"OOR>",1) -> 8.496046 | H30: =IF(NOT(ISNUMBER(D30)),"OOR<",IF(NOT(ISNUMBER(F30)),"OOR>",E30+(C30-D30)/(F30-D30)*(G30-E30))) -> 7.5916352 | I30: =IF(NOT(ISNUMBER(H30)),H30,IF(H30<LLOQ,"<LLOQ",IF(H30>ULOQ,">ULOQ","OK"))) -> OK | K30: 0 | L30: =IF(AND(K30<>"",K30<>0),COUNTIFS(TNFa_Unknowns!$A:$A,K30, TNFa_Unknowns!$I:$I,"OK"),"") | M30: =IF(AND(K30<>"",K30<>0),IF(L30=2, AVERAGEIFS( TNFa_Unknowns!$H:$H, TNFa_Unknowns!$A:$A,K30, TNFa_Unknowns!$I:$I,"OK"), "N.C."),"") | N30: {=IF(AND(K30<>"",K30<>0),IF(L30=2,_xlfn.STDEV.S(_xlfn._xlws.FILTER(TNFa_Unknowns!$H:$H,(TNFa_Unknowns!$A:$A=K30)*(TNFa_Unknowns!$I:$I="OK"))), "N.C."),"")} | O30: =IF(AND(K30<>"",K30<>0),IF(ISNUMBER(N30),N30/SQRT(L30),"N.C."),"") | P30: =IF(AND(K30<>"",K30<>0),IF(ISNUMBER(M30),N30/M30*100,"N.C."),"") | Q30: =IF(AND(K30<>"",K30<>0),IF(COUNTIFS(TNFa_Unknowns!$A:$A,K30,TNFa_Unknowns!$I:$I,"OOR>")>0, "OOR>", IF(COUNTIFS(TNFa_Unknowns!$A:$A,K30,TNFa_Unknowns!$I:$I,"OOR<")>0, "OOR<", IF(COUNTIFS(TNFa_Unknowns!$A:$A,K30,TNFa_Unknowns!$I:$I,"OK")=2, "quantifiable", IF(COUNTIFS(TNFa_Unknowns!$A:$A,K30,TNFa_Unknowns!$I:$I,"<LLOQ")=2, "<LLOQ", IF(COUNTIFS(TNFa_Unknowns!$A:$A,K30,TNFa_Unknowns!$I:$I,">ULOQ")=2, ">ULOQ", "review"))))),"")
A31: 25-7-15 | B31: 2 | C31: 373.45 | D31: =_xlfn.XLOOKUP(C31,tblTNFa[NetMFI],tblTNFa[NetMFI],"OOR<",-1) -> 351.13785 | E31: =_xlfn.XLOOKUP(C31,tblTNFa[NetMFI],tblTNFa[Concentration],"OOR<",-1) -> 8.496046 | F31: =_xlfn.XLOOKUP(C31,tblTNFa[NetMFI],tblTNFa[NetMFI],"OOR>",1) -> 470.76961 | G31: =_xlfn.XLOOKUP(C31,tblTNFa[NetMFI],tblTNFa[Concentration],"OOR>",1) -> 10.497558 | H31: =IF(NOT(ISNUMBER(D31)),"OOR<",IF(NOT(ISNUMBER(F31)),"OOR>",E31+(C31-D31)/(F31-D31)*(G31-E31))) -> 8.8693417 | I31: =IF(NOT(ISNUMBER(H31)),H31,IF(H31<LLOQ,"<LLOQ",IF(H31>ULOQ,">ULOQ","OK"))) -> OK | L31: =IF(AND(K31<>"",K31<>0),COUNTIFS(TNFa_Unknowns!$A:$A,K31, TNFa_Unknowns!$I:$I,"OK"),"") | M31: =IF(AND(K31<>"",K31<>0),IF(L31=2, AVERAGEIFS( TNFa_Unknowns!$H:$H, TNFa_Unknowns!$A:$A,K31, TNFa_Unknowns!$I:$I,"OK"), "N.C."),"") | N31: {=IF(AND(K31<>"",K31<>0),IF(L31=2,_xlfn.STDEV.S(_xlfn._xlws.FILTER(TNFa_Unknowns!$H:$H,(TNFa_Unknowns!$A:$A=K31)*(TNFa_Unknowns!$I:$I="OK"))), "N.C."),"")} | O31: =IF(AND(K31<>"",K31<>0),IF(ISNUMBER(N31),N31/SQRT(L31),"N.C."),"") | P31: =IF(AND(K31<>"",K31<>0),IF(ISNUMBER(M31),N31/M31*100,"N.C."),"") | Q31: =IF(AND(K31<>"",K31<>0),IF(COUNTIFS(TNFa_Unknowns!$A:$A,K31,TNFa_Unknowns!$I:$I,"OOR>")>0, "OOR>", IF(COUNTIFS(TNFa_Unknowns!$A:$A,K31,TNFa_Unknowns!$I:$I,"OOR<")>0, "OOR<", IF(COUNTIFS(TNFa_Unknowns!$A:$A,K31,TNFa_Unknowns!$I:$I,"OK")=2, "quantifiable", IF(COUNTIFS(TNFa_Unknowns!$A:$A,K31,TNFa_Unknowns!$I:$I,"<LLOQ")=2, "<LLOQ", IF(COUNTIFS(TNFa_Unknowns!$A:$A,K31,TNFa_Unknowns!$I:$I,">ULOQ")=2, ">ULOQ", "review"))))),"")
A32: 25-7-16 | B32: 1 | C32: 566.93 | D32: =_xlfn.XLOOKUP(C32,tblTNFa[NetMFI],tblTNFa[NetMFI],"OOR<",-1) -> 470.76961 | E32: =_xlfn.XLOOKUP(C32,tblTNFa[NetMFI],tblTNFa[Concentration],"OOR<",-1) -> 10.497558 | F32: =_xlfn.XLOOKUP(C32,tblTNFa[NetMFI],tblTNFa[NetMFI],"OOR>",1) -> 599.79603 | G32: =_xlfn.XLOOKUP(C32,tblTNFa[NetMFI],tblTNFa[Concentration],"OOR>",1) -> 12.499069 | H32: =IF(NOT(ISNUMBER(D32)),"OOR<",IF(NOT(ISNUMBER(F32)),"OOR>",E32+(C32-D32)/(F32-D32)*(G32-E32))) -> 11.989238 | I32: =IF(NOT(ISNUMBER(H32)),H32,IF(H32<LLOQ,"<LLOQ",IF(H32>ULOQ,">ULOQ","OK"))) -> OK | L32: =IF(AND(K32<>"",K32<>0),COUNTIFS(TNFa_Unknowns!$A:$A,K32, TNFa_Unknowns!$I:$I,"OK"),"") | M32: =IF(AND(K32<>"",K32<>0),IF(L32=2, AVERAGEIFS( TNFa_Unknowns!$H:$H, TNFa_Unknowns!$A:$A,K32, TNFa_Unknowns!$I:$I,"OK"), "N.C."),"") | N32: {=IF(AND(K32<>"",K32<>0),IF(L32=2,_xlfn.STDEV.S(_xlfn._xlws.FILTER(TNFa_Unknowns!$H:$H,(TNFa_Unknowns!$A:$A=K32)*(TNFa_Unknowns!$I:$I="OK"))), "N.C."),"")} | O32: =IF(AND(K32<>"",K32<>0),IF(ISNUMBER(N32),N32/SQRT(L32),"N.C."),"") | P32: =IF(AND(K32<>"",K32<>0),IF(ISNUMBER(M32),N32/M32*100,"N.C."),"") | Q32: =IF(AND(K32<>"",K32<>0),IF(COUNTIFS(TNFa_Unknowns!$A:$A,K32,TNFa_Unknowns!$I:$I,"OOR>")>0, "OOR>", IF(COUNTIFS(TNFa_Unknowns!$A:$A,K32,TNFa_Unknowns!$I:$I,"OOR<")>0, "OOR<", IF(COUNTIFS(TNFa_Unknowns!$A:$A,K32,TNFa_Unknowns!$I:$I,"OK")=2, "quantifiable", IF(COUNTIFS(TNFa_Unknowns!$A:$A,K32,TNFa_Unknowns!$I:$I,"<LLOQ")=2, "<LLOQ", IF(COUNTIFS(TNFa_Unknowns!$A:$A,K32,TNFa_Unknowns!$I:$I,">ULOQ")=2, ">ULOQ", "review"))))),"")
A33: 25-7-16 | B33: 2 | C33: 492.49 | D33: =_xlfn.XLOOKUP(C33,tblTNFa[NetMFI],tblTNFa[NetMFI],"OOR<",-1) -> 470.76961 | E33: =_xlfn.XLOOKUP(C33,tblTNFa[NetMFI],tblTNFa[Concentration],"OOR<",-1) -> 10.497558 | F33: =_xlfn.XLOOKUP(C33,tblTNFa[NetMFI],tblTNFa[NetMFI],"OOR>",1) -> 599.79603 | G33: =_xlfn.XLOOKUP(C33,tblTNFa[NetMFI],tblTNFa[Concentration],"OOR>",1) -> 12.499069 | H33: =IF(NOT(ISNUMBER(D33)),"OOR<",IF(NOT(ISNUMBER(F33)),"OOR>",E33+(C33-D33)/(F33-D33)*(G33-E33))) -> 10.834493 | I33: =IF(NOT(ISNUMBER(H33)),H33,IF(H33<LLOQ,"<LLOQ",IF(H33>ULOQ,">ULOQ","OK"))) -> OK | L33: =IF(AND(K33<>"",K33<>0),COUNTIFS(TNFa_Unknowns!$A:$A,K33, TNFa_Unknowns!$I:$I,"OK"),"") | M33: =IF(AND(K33<>"",K33<>0),IF(L33=2, AVERAGEIFS( TNFa_Unknowns!$H:$H, TNFa_Unknowns!$A:$A,K33, TNFa_Unknowns!$I:$I,"OK"), "N.C."),"") | N33: {=IF(AND(K33<>"",K33<>0),IF(L33=2,_xlfn.STDEV.S(_xlfn._xlws.FILTER(TNFa_Unknowns!$H:$H,(TNFa_Unknowns!$A:$A=K33)*(TNFa_Unknowns!$I:$I="OK"))), "N.C."),"")} | O33: =IF(AND(K33<>"",K33<>0),IF(ISNUMBER(N33),N33/SQRT(L33),"N.C."),"") | P33: =IF(AND(K33<>"",K33<>0),IF(ISNUMBER(M33),N33/M33*100,"N.C."),"") | Q33: =IF(AND(K33<>"",K33<>0),IF(COUNTIFS(TNFa_Unknowns!$A:$A,K33,TNFa_Unknowns!$I:$I,"OOR>")>0, "OOR>", IF(COUNTIFS(TNFa_Unknowns!$A:$A,K33,TNFa_Unknowns!$I:$I,"OOR<")>0, "OOR<", IF(COUNTIFS(TNFa_Unknowns!$A:$A,K33,TNFa_Unknowns!$I:$I,"OK")=2, "quantifiable", IF(COUNTIFS(TNFa_Unknowns!$A:$A,K33,TNFa_Unknowns!$I:$I,"<LLOQ")=2, "<LLOQ", IF(COUNTIFS(TNFa_Unknowns!$A:$A,K33,TNFa_Unknowns!$I:$I,">ULOQ")=2, ">ULOQ", "review"))))),"")
A34: 25-7-17 | B34: 1 | C34: 278.87 | D34: =_xlfn.XLOOKUP(C34,tblTNFa[NetMFI],tblTNFa[NetMFI],"OOR<",-1) -> 242.72501 | E34: =_xlfn.XLOOKUP(C34,tblTNFa[NetMFI],tblTNFa[Concentration],"OOR<",-1) -> 6.4945345 | F34: =_xlfn.XLOOKUP(C34,tblTNFa[NetMFI],tblTNFa[NetMFI],"OOR>",1) -> 351.13785 | G34: =_xlfn.XLOOKUP(C34,tblTNFa[NetMFI],tblTNFa[Concentration],"OOR>",1) -> 8.496046 | H34: =IF(NOT(ISNUMBER(D34)),"OOR<",IF(NOT(ISNUMBER(F34)),"OOR>",E34+(C34-D34)/(F34-D34)*(G34-E34))) -> 7.1618412 | I34: =IF(NOT(ISNUMBER(H34)),H34,IF(H34<LLOQ,"<LLOQ",IF(H34>ULOQ,">ULOQ","OK"))) -> OK | L34: =IF(AND(K34<>"",K34<>0),COUNTIFS(TNFa_Unknowns!$A:$A,K34, TNFa_Unknowns!$I:$I,"OK"),"") | M34: =IF(AND(K34<>"",K34<>0),IF(L34=2, AVERAGEIFS( TNFa_Unknowns!$H:$H, TNFa_Unknowns!$A:$A,K34, TNFa_Unknowns!$I:$I,"OK"), "N.C."),"") | N34: {=IF(AND(K34<>"",K34<>0),IF(L34=2,_xlfn.STDEV.S(_xlfn._xlws.FILTER(TNFa_Unknowns!$H:$H,(TNFa_Unknowns!$A:$A=K34)*(TNFa_Unknowns!$I:$I="OK"))), "N.C."),"")} | O34: =IF(AND(K34<>"",K34<>0),IF(ISNUMBER(N34),N34/SQRT(L34),"N.C."),"") | P34: =IF(AND(K34<>"",K34<>0),IF(ISNUMBER(M34),N34/M34*100,"N.C."),"") | Q34: =IF(AND(K34<>"",K34<>0),IF(COUNTIFS(TNFa_Unknowns!$A:$A,K34,TNFa_Unknowns!$I:$I,"OOR>")>0, "OOR>", IF(COUNTIFS(TNFa_Unknowns!$A:$A,K34,TNFa_Unknowns!$I:$I,"OOR<")>0, "OOR<", IF(COUNTIFS(TNFa_Unknowns!$A:$A,K34,TNFa_Unknowns!$I:$I,"OK")=2, "quantifiable", IF(COUNTIFS(TNFa_Unknowns!$A:$A,K34,TNFa_Unknowns!$I:$I,"<LLOQ")=2, "<LLOQ", IF(COUNTIFS(TNFa_Unknowns!$A:$A,K34,TNFa_Unknowns!$I:$I,">ULOQ")=2, ">ULOQ", "review"))))),"")
A35: 25-7-17 | B35: 2 | C35: 299.95 | D35: =_xlfn.XLOOKUP(C35,tblTNFa[NetMFI],tblTNFa[NetMFI],"OOR<",-1) -> 242.72501 | E35: =_xlfn.XLOOKUP(C35,tblTNFa[NetMFI],tblTNFa[Concentration],"OOR<",-1) -> 6.4945345 | F35: =_xlfn.XLOOKUP(C35,tblTNFa[NetMFI],tblTNFa[NetMFI],"OOR>",1) -> 351.13785 | G35: =_xlfn.XLOOKUP(C35,tblTNFa[NetMFI],tblTNFa[Concentration],"OOR>",1) -> 8.496046 | H35: =IF(NOT(ISNUMBER(D35)),"OOR<",IF(NOT(ISNUMBER(F35)),"OOR>",E35+(C35-D35)/(F35-D35)*(G35-E35))) -> 7.5510189 | I35: =IF(NOT(ISNUMBER(H35)),H35,IF(H35<LLOQ,"<LLOQ",IF(H35>ULOQ,">ULOQ","OK"))) -> OK | L35: =IF(AND(K35<>"",K35<>0),COUNTIFS(TNFa_Unknowns!$A:$A,K35, TNFa_Unknowns!$I:$I,"OK"),"") | M35: =IF(AND(K35<>"",K35<>0),IF(L35=2, AVERAGEIFS( TNFa_Unknowns!$H:$H, TNFa_Unknowns!$A:$A,K35, TNFa_Unknowns!$I:$I,"OK"), "N.C."),"") | N35: {=IF(AND(K35<>"",K35<>0),IF(L35=2,_xlfn.STDEV.S(_xlfn._xlws.FILTER(TNFa_Unknowns!$H:$H,(TNFa_Unknowns!$A:$A=K35)*(TNFa_Unknowns!$I:$I="OK"))), "N.C."),"")} | O35: =IF(AND(K35<>"",K35<>0),IF(ISNUMBER(N35),N35/SQRT(L35),"N.C."),"") | P35: =IF(AND(K35<>"",K35<>0),IF(ISNUMBER(M35),N35/M35*100,"N.C."),"") | Q35: =IF(AND(K35<>"",K35<>0),IF(COUNTIFS(TNFa_Unknowns!$A:$A,K35,TNFa_Unknowns!$I:$I,"OOR>")>0, "OOR>", IF(COUNTIFS(TNFa_Unknowns!$A:$A,K35,TNFa_Unknowns!$I:$I,"OOR<")>0, "OOR<", IF(COUNTIFS(TNFa_Unknowns!$A:$A,K35,TNFa_Unknowns!$I:$I,"OK")=2, "quantifiable", IF(COUNTIFS(TNFa_Unknowns!$A:$A,K35,TNFa_Unknowns!$I:$I,"<LLOQ")=2, "<LLOQ", IF(COUNTIFS(TNFa_Unknowns!$A:$A,K35,TNFa_Unknowns!$I:$I,">ULOQ")=2, ">ULOQ", "review"))))),"")
A36: 25-7-18 | B36: 1 | C36: 723.68 | D36: =_xlfn.XLOOKUP(C36,tblTNFa[NetMFI],tblTNFa[NetMFI],"OOR<",-1) -> 599.79603 | E36: =_xlfn.XLOOKUP(C36,tblTNFa[NetMFI],tblTNFa[Concentration],"OOR<",-1) -> 12.499069 | F36: =_xlfn.XLOOKUP(C36,tblTNFa[NetMFI],tblTNFa[NetMFI],"OOR>",1) -> 736.78473 | G36: =_xlfn.XLOOKUP(C36,tblTNFa[NetMFI],tblTNFa[Concentration],"OOR>",1) -> 14.500581 | H36: =IF(NOT(ISNUMBER(D36)),"OOR<",IF(NOT(ISNUMBER(F36)),"OOR>",E36+(C36-D36)/(F36-D36)*(G36-E36))) -> 14.30911 | I36: =IF(NOT(ISNUMBER(H36)),H36,IF(H36<LLOQ,"<LLOQ",IF(H36>ULOQ,">ULOQ","OK"))) -> OK | L36: =IF(AND(K36<>"",K36<>0),COUNTIFS(TNFa_Unknowns!$A:$A,K36, TNFa_Unknowns!$I:$I,"OK"),"") | M36: =IF(AND(K36<>"",K36<>0),IF(L36=2, AVERAGEIFS( TNFa_Unknowns!$H:$H, TNFa_Unknowns!$A:$A,K36, TNFa_Unknowns!$I:$I,"OK"), "N.C."),"") | N36: {=IF(AND(K36<>"",K36<>0),IF(L36=2,_xlfn.STDEV.S(_xlfn._xlws.FILTER(TNFa_Unknowns!$H:$H,(TNFa_Unknowns!$A:$A=K36)*(TNFa_Unknowns!$I:$I="OK"))), "N.C."),"")} | O36: =IF(AND(K36<>"",K36<>0),IF(ISNUMBER(N36),N36/SQRT(L36),"N.C."),"") | P36: =IF(AND(K36<>"",K36<>0),IF(ISNUMBER(M36),N36/M36*100,"N.C."),"") | Q36: =IF(AND(K36<>"",K36<>0),IF(COUNTIFS(TNFa_Unknowns!$A:$A,K36,TNFa_Unknowns!$I:$I,"OOR>")>0, "OOR>", IF(COUNTIFS(TNFa_Unknowns!$A:$A,K36,TNFa_Unknowns!$I:$I,"OOR<")>0, "OOR<", IF(COUNTIFS(TNFa_Unknowns!$A:$A,K36,TNFa_Unknowns!$I:$I,"OK")=2, "quantifiable", IF(COUNTIFS(TNFa_Unknowns!$A:$A,K36,TNFa_Unknowns!$I:$I,"<LLOQ")=2, "<LLOQ", IF(COUNTIFS(TNFa_Unknowns!$A:$A,K36,TNFa_Unknowns!$I:$I,">ULOQ")=2, ">ULOQ", "review"))))),"")
A37: 25-7-18 | B37: 2 | C37: 740.81 | D37: =_xlfn.XLOOKUP(C37,tblTNFa[NetMFI],tblTNFa[NetMFI],"OOR<",-1) -> 736.78473 | E37: =_xlfn.XLOOKUP(C37,tblTNFa[NetMFI],tblTNFa[Concentration],"OOR<",-1) -> 14.500581 | F37: =_xlfn.XLOOKUP(C37,tblTNFa[NetMFI],tblTNFa[NetMFI],"OOR>",1) -> 880.55979 | G37: =_xlfn.XLOOKUP(C37,tblTNFa[NetMFI],tblTNFa[Concentration],"OOR>",1) -> 16.502092 | H37: =IF(NOT(ISNUMBER(D37)),"OOR<",IF(NOT(ISNUMBER(F37)),"OOR>",E37+(C37-D37)/(F37-D37)*(G37-E37))) -> 14.556617 | I37: =IF(NOT(ISNUMBER(H37)),H37,IF(H37<LLOQ,"<LLOQ",IF(H37>ULOQ,">ULOQ","OK"))) -> OK | L37: =IF(AND(K37<>"",K37<>0),COUNTIFS(TNFa_Unknowns!$A:$A,K37, TNFa_Unknowns!$I:$I,"OK"),"") | M37: =IF(AND(K37<>"",K37<>0),IF(L37=2, AVERAGEIFS( TNFa_Unknowns!$H:$H, TNFa_Unknowns!$A:$A,K37, TNFa_Unknowns!$I:$I,"OK"), "N.C."),"") | N37: {=IF(AND(K37<>"",K37<>0),IF(L37=2,_xlfn.STDEV.S(_xlfn._xlws.FILTER(TNFa_Unknowns!$H:$H,(TNFa_Unknowns!$A:$A=K37)*(TNFa_Unknowns!$I:$I="OK"))), "N.C."),"")} | O37: =IF(AND(K37<>"",K37<>0),IF(ISNUMBER(N37),N37/SQRT(L37),"N.C."),"") | P37: =IF(AND(K37<>"",K37<>0),IF(ISNUMBER(M37),N37/M37*100,"N.C."),"") | Q37: =IF(AND(K37<>"",K37<>0),IF(COUNTIFS(TNFa_Unknowns!$A:$A,K37,TNFa_Unknowns!$I:$I,"OOR>")>0, "OOR>", IF(COUNTIFS(TNFa_Unknowns!$A:$A,K37,TNFa_Unknowns!$I:$I,"OOR<")>0, "OOR<", IF(COUNTIFS(TNFa_Unknowns!$A:$A,K37,TNFa_Unknowns!$I:$I,"OK")=2, "quantifiable", IF(COUNTIFS(TNFa_Unknowns!$A:$A,K37,TNFa_Unknowns!$I:$I,"<LLOQ")=2, "<LLOQ", IF(COUNTIFS(TNFa_Unknowns!$A:$A,K37,TNFa_Unknowns!$I:$I,">ULOQ")=2, ">ULOQ", "review"))))),"")
A38: 25-7-19 | B38: 1 | C38: 451.61 | D38: =_xlfn.XLOOKUP(C38,tblTNFa[NetMFI],tblTNFa[NetMFI],"OOR<",-1) -> 351.13785 | E38: =_xlfn.XLOOKUP(C38,tblTNFa[NetMFI],tblTNFa[Concentration],"OOR<",-1) -> 8.496046 | F38: =_xlfn.XLOOKUP(C38,tblTNFa[NetMFI],tblTNFa[NetMFI],"OOR>",1) -> 470.76961 | G38: =_xlfn.XLOOKUP(C38,tblTNFa[NetMFI],tblTNFa[Concentration],"OOR>",1) -> 10.497558 | H38: =IF(NOT(ISNUMBER(D38)),"OOR<",IF(NOT(ISNUMBER(F38)),"OOR>",E38+(C38-D38)/(F38-D38)*(G38-E38))) -> 10.177006 | I38: =IF(NOT(ISNUMBER(H38)),H38,IF(H38<LLOQ,"<LLOQ",IF(H38>ULOQ,">ULOQ","OK"))) -> OK | L38: =IF(AND(K38<>"",K38<>0),COUNTIFS(TNFa_Unknowns!$A:$A,K38, TNFa_Unknowns!$I:$I,"OK"),"") | M38: =IF(AND(K38<>"",K38<>0),IF(L38=2, AVERAGEIFS( TNFa_Unknowns!$H:$H, TNFa_Unknowns!$A:$A,K38, TNFa_Unknowns!$I:$I,"OK"), "N.C."),"") | N38: {=IF(AND(K38<>"",K38<>0),IF(L38=2,_xlfn.STDEV.S(_xlfn._xlws.FILTER(TNFa_Unknowns!$H:$H,(TNFa_Unknowns!$A:$A=K38)*(TNFa_Unknowns!$I:$I="OK"))), "N.C."),"")} | O38: =IF(AND(K38<>"",K38<>0),IF(ISNUMBER(N38),N38/SQRT(L38),"N.C."),"") | P38: =IF(AND(K38<>"",K38<>0),IF(ISNUMBER(M38),N38/M38*100,"N.C."),"") | Q38: =IF(AND(K38<>"",K38<>0),IF(COUNTIFS(TNFa_Unknowns!$A:$A,K38,TNFa_Unknowns!$I:$I,"OOR>")>0, "OOR>", IF(COUNTIFS(TNFa_Unknowns!$A:$A,K38,TNFa_Unknowns!$I:$I,"OOR<")>0, "OOR<", IF(COUNTIFS(TNFa_Unknowns!$A:$A,K38,TNFa_Unknowns!$I:$I,"OK")=2, "quantifiable", IF(COUNTIFS(TNFa_Unknowns!$A:$A,K38,TNFa_Unknowns!$I:$I,"<LLOQ")=2, "<LLOQ", IF(COUNTIFS(TNFa_Unknowns!$A:$A,K38,TNFa_Unknowns!$I:$I,">ULOQ")=2, ">ULOQ", "review"))))),"")
A39: 25-7-19 | B39: 2 | C39: 310.36 | D39: =_xlfn.XLOOKUP(C39,tblTNFa[NetMFI],tblTNFa[NetMFI],"OOR<",-1) -> 242.72501 | E39: =_xlfn.XLOOKUP(C39,tblTNFa[NetMFI],tblTNFa[Concentration],"OOR<",-1) -> 6.4945345 | F39: =_xlfn.XLOOKUP(C39,tblTNFa[NetMFI],tblTNFa[NetMFI],"OOR>",1) -> 351.13785 | G39: =_xlfn.XLOOKUP(C39,tblTNFa[NetMFI],tblTNFa[Concentration],"OOR>",1) -> 8.496046 | H39: =IF(NOT(ISNUMBER(D39)),"OOR<",IF(NOT(ISNUMBER(F39)),"OOR>",E39+(C39-D39)/(F39-D39)*(G39-E39))) -> 7.7432077 | I39: =IF(NOT(ISNUMBER(H39)),H39,IF(H39<LLOQ,"<LLOQ",IF(H39>ULOQ,">ULOQ","OK"))) -> OK | L39: =IF(AND(K39<>"",K39<>0),COUNTIFS(TNFa_Unknowns!$A:$A,K39, TNFa_Unknowns!$I:$I,"OK"),"") | M39: =IF(AND(K39<>"",K39<>0),IF(L39=2, AVERAGEIFS( TNFa_Unknowns!$H:$H, TNFa_Unknowns!$A:$A,K39, TNFa_Unknowns!$I:$I,"OK"), "N.C."),"") | N39: {=IF(AND(K39<>"",K39<>0),IF(L39=2,_xlfn.STDEV.S(_xlfn._xlws.FILTER(TNFa_Unknowns!$H:$H,(TNFa_Unknowns!$A:$A=K39)*(TNFa_Unknowns!$I:$I="OK"))), "N.C."),"")} | O39: =IF(AND(K39<>"",K39<>0),IF(ISNUMBER(N39),N39/SQRT(L39),"N.C."),"") | P39: =IF(AND(K39<>"",K39<>0),IF(ISNUMBER(M39),N39/M39*100,"N.C."),"") | Q39: =IF(AND(K39<>"",K39<>0),IF(COUNTIFS(TNFa_Unknowns!$A:$A,K39,TNFa_Unknowns!$I:$I,"OOR>")>0, "OOR>", IF(COUNTIFS(TNFa_Unknowns!$A:$A,K39,TNFa_Unknowns!$I:$I,"OOR<")>0, "OOR<", IF(COUNTIFS(TNFa_Unknowns!$A:$A,K39,TNFa_Unknowns!$I:$I,"OK")=2, "quantifiable", IF(COUNTIFS(TNFa_Unknowns!$A:$A,K39,TNFa_Unknowns!$I:$I,"<LLOQ")=2, "<LLOQ", IF(COUNTIFS(TNFa_Unknowns!$A:$A,K39,TNFa_Unknowns!$I:$I,">ULOQ")=2, ">ULOQ", "review"))))),"")
A40: 25-7-20 | B40: 1 | C40: 82.29 | D40: =_xlfn.XLOOKUP(C40,tblTNFa[NetMFI],tblTNFa[NetMFI],"OOR<",-1) -> 70.939197 | E40: =_xlfn.XLOOKUP(C40,tblTNFa[NetMFI],tblTNFa[Concentration],"OOR<",-1) -> 2.4915115 | F40: =_xlfn.XLOOKUP(C40,tblTNFa[NetMFI],tblTNFa[NetMFI],"OOR>",1) -> 148.02761 | G40: =_xlfn.XLOOKUP(C40,tblTNFa[NetMFI],tblTNFa[Concentration],"OOR>",1) -> 4.493023 | H40: =IF(NOT(ISNUMBER(D40)),"OOR<",IF(NOT(ISNUMBER(F40)),"OOR>",E40+(C40-D40)/(F40-D40)*(G40-E40))) -> 2.786222 | I40: =IF(NOT(ISNUMBER(H40)),H40,IF(H40<LLOQ,"<LLOQ",IF(H40>ULOQ,">ULOQ","OK"))) -> OK | L40: =IF(AND(K40<>"",K40<>0),COUNTIFS(TNFa_Unknowns!$A:$A,K40, TNFa_Unknowns!$I:$I,"OK"),"") | M40: =IF(AND(K40<>"",K40<>0),IF(L40=2, AVERAGEIFS( TNFa_Unknowns!$H:$H, TNFa_Unknowns!$A:$A,K40, TNFa_Unknowns!$I:$I,"OK"), "N.C."),"") | N40: {=IF(AND(K40<>"",K40<>0),IF(L40=2,_xlfn.STDEV.S(_xlfn._xlws.FILTER(TNFa_Unknowns!$H:$H,(TNFa_Unknowns!$A:$A=K40)*(TNFa_Unknowns!$I:$I="OK"))), "N.C."),"")} | O40: =IF(AND(K40<>"",K40<>0),IF(ISNUMBER(N40),N40/SQRT(L40),"N.C."),"") | P40: =IF(AND(K40<>"",K40<>0),IF(ISNUMBER(M40),N40/M40*100,"N.C."),"") | Q40: =IF(AND(K40<>"",K40<>0),IF(COUNTIFS(TNFa_Unknowns!$A:$A,K40,TNFa_Unknowns!$I:$I,"OOR>")>0, "OOR>", IF(COUNTIFS(TNFa_Unknowns!$A:$A,K40,TNFa_Unknowns!$I:$I,"OOR<")>0, "OOR<", IF(COUNTIFS(TNFa_Unknowns!$A:$A,K40,TNFa_Unknowns!$I:$I,"OK")=2, "quantifiable", IF(COUNTIFS(TNFa_Unknowns!$A:$A,K40,TNFa_Unknowns!$I:$I,"<LLOQ")=2, "<LLOQ", IF(COUNTIFS(TNFa_Unknowns!$A:$A,K40,TNFa_Unknowns!$I:$I,">ULOQ")=2, ">ULOQ", "review"))))),"")
A41: 25-7-20 | B41: 2 | C41: 69.22 | D41: =_xlfn.XLOOKUP(C41,tblTNFa[NetMFI],tblTNFa[NetMFI],"OOR<",-1) -> 19.852967 | E41: =_xlfn.XLOOKUP(C41,tblTNFa[NetMFI],tblTNFa[Concentration],"OOR<",-1) -> 0.49 | F41: =_xlfn.XLOOKUP(C41,tblTNFa[NetMFI],tblTNFa[NetMFI],"OOR>",1) -> 70.939197 | G41: =_xlfn.XLOOKUP(C41,tblTNFa[NetMFI],tblTNFa[Concentration],"OOR>",1) -> 2.4915115 | H41: =IF(NOT(ISNUMBER(D41)),"OOR<",IF(NOT(ISNUMBER(F41)),"OOR>",E41+(C41-D41)/(F41-D41)*(G41-E41))) -> 2.424155 | I41: =IF(NOT(ISNUMBER(H41)),H41,IF(H41<LLOQ,"<LLOQ",IF(H41>ULOQ,">ULOQ","OK"))) -> OK | L41: =IF(AND(K41<>"",K41<>0),COUNTIFS(TNFa_Unknowns!$A:$A,K41, TNFa_Unknowns!$I:$I,"OK"),"") | M41: =IF(AND(K41<>"",K41<>0),IF(L41=2, AVERAGEIFS( TNFa_Unknowns!$H:$H, TNFa_Unknowns!$A:$A,K41, TNFa_Unknowns!$I:$I,"OK"), "N.C."),"") | N41: {=IF(AND(K41<>"",K41<>0),IF(L41=2,_xlfn.STDEV.S(_xlfn._xlws.FILTER(TNFa_Unknowns!$H:$H,(TNFa_Unknowns!$A:$A=K41)*(TNFa_Unknowns!$I:$I="OK"))), "N.C."),"")} | O41: =IF(AND(K41<>"",K41<>0),IF(ISNUMBER(N41),N41/SQRT(L41),"N.C."),"") | P41: =IF(AND(K41<>"",K41<>0),IF(ISNUMBER(M41),N41/M41*100,"N.C."),"") | Q41: =IF(AND(K41<>"",K41<>0),IF(COUNTIFS(TNFa_Unknowns!$A:$A,K41,TNFa_Unknowns!$I:$I,"OOR>")>0, "OOR>", IF(COUNTIFS(TNFa_Unknowns!$A:$A,K41,TNFa_Unknowns!$I:$I,"OOR<")>0, "OOR<", IF(COUNTIFS(TNFa_Unknowns!$A:$A,K41,TNFa_Unknowns!$I:$I,"OK")=2, "quantifiable", IF(COUNTIFS(TNFa_Unknowns!$A:$A,K41,TNFa_Unknowns!$I:$I,"<LLOQ")=2, "<LLOQ", IF(COUNTIFS(TNFa_Unknowns!$A:$A,K41,TNFa_Unknowns!$I:$I,">ULOQ")=2, ">ULOQ", "review"))))),"")
A42: 25-7-21 | B42: 1 | C42: 184.1 | D42: =_xlfn.XLOOKUP(C42,tblTNFa[NetMFI],tblTNFa[NetMFI],"OOR<",-1) -> 148.02761 | E42: =_xlfn.XLOOKUP(C42,tblTNFa[NetMFI],tblTNFa[Concentration],"OOR<",-1) -> 4.493023 | F42: =_xlfn.XLOOKUP(C42,tblTNFa[NetMFI],tblTNFa[NetMFI],"OOR>",1) -> 242.72501 | G42: =_xlfn.XLOOKUP(C42,tblTNFa[NetMFI],tblTNFa[Concentration],"OOR>",1) -> 6.4945345 | H42: =IF(NOT(ISNUMBER(D42)),"OOR<",IF(NOT(ISNUMBER(F42)),"OOR>",E42+(C42-D42)/(F42-D42)*(G42-E42))) -> 5.2554441 | I42: =IF(NOT(ISNUMBER(H42)),H42,IF(H42<LLOQ,"<LLOQ",IF(H42>ULOQ,">ULOQ","OK"))) -> OK | L42: =IF(AND(K42<>"",K42<>0),COUNTIFS(TNFa_Unknowns!$A:$A,K42, TNFa_Unknowns!$I:$I,"OK"),"") | M42: =IF(AND(K42<>"",K42<>0),IF(L42=2, AVERAGEIFS( TNFa_Unknowns!$H:$H, TNFa_Unknowns!$A:$A,K42, TNFa_Unknowns!$I:$I,"OK"), "N.C."),"") | N42: {=IF(AND(K42<>"",K42<>0),IF(L42=2,_xlfn.STDEV.S(_xlfn._xlws.FILTER(TNFa_Unknowns!$H:$H,(TNFa_Unknowns!$A:$A=K42)*(TNFa_Unknowns!$I:$I="OK"))), "N.C."),"")} | O42: =IF(AND(K42<>"",K42<>0),IF(ISNUMBER(N42),N42/SQRT(L42),"N.C."),"") | P42: =IF(AND(K42<>"",K42<>0),IF(ISNUMBER(M42),N42/M42*100,"N.C."),"") | Q42: =IF(AND(K42<>"",K42<>0),IF(COUNTIFS(TNFa_Unknowns!$A:$A,K42,TNFa_Unknowns!$I:$I,"OOR>")>0, "OOR>", IF(COUNTIFS(TNFa_Unknowns!$A:$A,K42,TNFa_Unknowns!$I:$I,"OOR<")>0, "OOR<", IF(COUNTIFS(TNFa_Unknowns!$A:$A,K42,TNFa_Unknowns!$I:$I,"OK")=2, "quantifiable", IF(COUNTIFS(TNFa_Unknowns!$A:$A,K42,TNFa_Unknowns!$I:$I,"<LLOQ")=2, "<LLOQ", IF(COUNTIFS(TNFa_Unknowns!$A:$A,K42,TNFa_Unknowns!$I:$I,">ULOQ")=2, ">ULOQ", "review"))))),"")
... A57: 25-7-28 | B57: 2 | C57: 53.8 | D57: =_xlfn.XLOOKUP(C57,tblTNFa[NetMFI],tblTNFa[NetMFI],"OOR<",-1) -> 19.852967 | E57: =_xlfn.XLOOKUP(C57,tblTNFa[NetMFI],tblTNFa[Concentration],"OOR<",-1) -> 0.49 | F57: =_xlfn.XLOOKUP(C57,tblTNFa[NetMFI],tblTNFa[NetMFI],"OOR>",1) -> 70.939197 | G57: =_xlfn.XLOOKUP(C57,tblTNFa[NetMFI],tblTNFa[Concentration],"OOR>",1) -> 2.4915115 | H57: =IF(NOT(ISNUMBER(D57)),"OOR<",IF(NOT(ISNUMBER(F57)),"OOR>",E57+(C57-D57)/(F57-D57)*(G57-E57))) -> 1.8200135 | I57: =IF(NOT(ISNUMBER(H57)),H57,IF(H57<LLOQ,"<LLOQ",IF(H57>ULOQ,">ULOQ","OK"))) -> <LLOQ | L57: =IF(AND(K57<>"",K57<>0),COUNTIFS(TNFa_Unknowns!$A:$A,K57, TNFa_Unknowns!$I:$I,"OK"),"") | M57: =IF(AND(K57<>"",K57<>0),IF(L57=2, AVERAGEIFS( TNFa_Unknowns!$H:$H, TNFa_Unknowns!$A:$A,K57, TNFa_Unknowns!$I:$I,"OK"), "N.C."),"") | N57: {=IF(AND(K57<>"",K57<>0),IF(L57=2,_xlfn.STDEV.S(_xlfn._xlws.FILTER(TNFa_Unknowns!$H:$H,(TNFa_Unknowns!$A:$A=K57)*(TNFa_Unknowns!$I:$I="OK"))), "N.C."),"")} | O57: =IF(AND(K57<>"",K57<>0),IF(ISNUMBER(N57),N57/SQRT(L57),"N.C."),"") | P57: =IF(AND(K57<>"",K57<>0),IF(ISNUMBER(M57),N57/M57*100,"N.C."),"") | Q57: =IF(AND(K57<>"",K57<>0),IF(COUNTIFS(TNFa_Unknowns!$A:$A,K57,TNFa_Unknowns!$I:$I,"OOR>")>0, "OOR>", IF(COUNTIFS(TNFa_Unknowns!$A:$A,K57,TNFa_Unknowns!$I:$I,"OOR<")>0, "OOR<", IF(COUNTIFS(TNFa_Unknowns!$A:$A,K57,TNFa_Unknowns!$I:$I,"OK")=2, "quantifiable", IF(COUNTIFS(TNFa_Unknowns!$A:$A,K57,TNFa_Unknowns!$I:$I,"<LLOQ")=2, "<LLOQ", IF(COUNTIFS(TNFa_Unknowns!$A:$A,K57,TNFa_Unknowns!$I:$I,">ULOQ")=2, ">ULOQ", "review"))))),"")
